batch,repository_path,bytes,sha256
01_UPLOAD_FIRST_MAIN_FILES,.nojekyll,0,e3b0c44298fc1c149afbf4c8996fb92427ae41e4649b934ca495991b7852b855
01_UPLOAD_FIRST_MAIN_FILES,CITATION.md,271,2aab313f48b6acf5c215133e265d38d6b0a72b95817c4b8df192ad9b3b8747a6
01_UPLOAD_FIRST_MAIN_FILES,README.md,1182,0608761acdee23b33ca7f3708ed7bad932b6ec2634397ab84722cc7f197f8478
01_UPLOAD_FIRST_MAIN_FILES,RIGHTS_AND_USE.md,846,717dc211643fea7efa7846f81fb9aad4e8f1b2c7facd35f3a6a746e70f85f52e
01_UPLOAD_FIRST_MAIN_FILES,assets/city_of_kyle_target_zone.jpg,102093,80b35186821072b073722176250cf019450924f6f80256a797b7090efb30e2db
01_UPLOAD_FIRST_MAIN_FILES,citation.html,794,28a00f5dd61f1d32167c515c537d5672d19d5ad2ff3addad7f1abcf815fc3955
01_UPLOAD_FIRST_MAIN_FILES,data/dashboard_plants_v0_3.csv,7455700,69aa7b6b028b5fff73a1f3d4bf2e59f38882ab8ce8d96b36b1811a2f25b1442f
01_UPLOAD_FIRST_MAIN_FILES,data/detail-map-v1.json,220253,a40cba444d2a65b10a4aadd85c0d563f9e4d830947b00f74d8a3cfe99f7f6615
01_UPLOAD_FIRST_MAIN_FILES,data/soil_engineering_v0_17.csv,20931,89d059fd5c6cbe92e24a38f223ed3d715f5e17b734860be9da99953757f18586
01_UPLOAD_FIRST_MAIN_FILES,index.html,64704,8a1d9ee7059260ea36e04ba5e0a96ccf4652effcc92ff9bc0cb62380ed3148ec
01_UPLOAD_FIRST_MAIN_FILES,rights.html,1418,ee21c6ba61fa5866394dad8fdb6c96d32d95c4a9982d61f269dff2f73694cb7d
01_UPLOAD_FIRST_MAIN_FILES,robots.txt,165,fc20fffe1a42ede7ebe669e3f50e8ccc0dfc3702a480a50301e459f5123655d6
02_UPLOAD_SECOND_DETAILS,data/details/r-0076f0fdc692d8c41160.json,58996,bef6018bb25a999789c3d30a25634eba3df5b35ceae82f8a9463398407094aca
02_UPLOAD_SECOND_DETAILS,data/details/r-00fde3c85ef64de90929.json,36819,e8f6ec4f03a39b8f9ab70e729b0438632f6786d1e463c57cbab06bfe6ab4d56b
02_UPLOAD_SECOND_DETAILS,data/details/r-036f352c9320804fe48d.json,71122,5efd2b71df92992b59345251ab0de0aeee10a591714ee3a840414b5ca1c0c48c
02_UPLOAD_SECOND_DETAILS,data/details/r-03928993ae745ad185a0.json,65107,1e043b85bde4dd52423a416c588413455e8096fbdfd3e292da177ad3c3f2c5a3
02_UPLOAD_SECOND_DETAILS,data/details/r-03a8340d2a23781ba33f.json,104176,ae81d2e776072a26fce6e71a4492d395182331e76fb28caad9784360a272ba9a
02_UPLOAD_SECOND_DETAILS,data/details/r-06dfb2a5a48baeaa9d06.json,197031,27d795c45932484f57c8c43a8f4fcfd9917fe51b2e59afc1f85e2e19b757bbd4
02_UPLOAD_SECOND_DETAILS,data/details/r-084cbbb6fd1a9dffd11b.json,85612,03e4a39813740dce577d129a3c52d631d33854a0e96be591886c568898373bcd
02_UPLOAD_SECOND_DETAILS,data/details/r-09a6629e35b7c503d22c.json,23723,c7a29290ec63d0287db238c3acd44c4a9592e660c1b1849e8054c8abe9cd1ef5
02_UPLOAD_SECOND_DETAILS,data/details/r-0d3892e6ab6638c23c0d.json,156700,ff78efe883f1d2338fa3e86a396be20d40a2364ac6bbbb7321aec32f7c1c6877
02_UPLOAD_SECOND_DETAILS,data/details/r-0e15b17c601d2fd6b3b1.json,139483,1814f0a49ea013c57d501b7877867becab817b0abe42b466a6dbc35ee27387a2
02_UPLOAD_SECOND_DETAILS,data/details/r-0f3ddd8c68bc33a3d62f.json,510027,d74087c812383df762806310cd6dab9acfeb867506a23362dc135c03e3f21b8f
02_UPLOAD_SECOND_DETAILS,data/details/r-0fa686522b70b79ec751.json,213982,55be274dd4ebc2780010198a6d2fd8a33122727ccac37f926b23b13265cbadc9
02_UPLOAD_SECOND_DETAILS,data/details/r-10561b4ccb8b7589640f.json,156816,43948723b39bfb60e853b85102f425394b987daada0075fff8e700c1bef404b8
02_UPLOAD_SECOND_DETAILS,data/details/r-1062ee4fbb41767c70e3.json,70160,8f581c999bcb99fd72523d10be7894ca22ef944308d88d9b491e64a5a5819eca
02_UPLOAD_SECOND_DETAILS,data/details/r-107964b79214d53b3767.json,44518,9bcd78588732797d8db05755902fde6e2168972dd6794a3cb515b1ac83b6b026
02_UPLOAD_SECOND_DETAILS,data/details/r-10daf2d96e58ef2fa5cf.json,62527,ba517ea2b8399ce7ee34ff89e7cc672249204c31f9a5ca3e05bb4550c5f3f668
02_UPLOAD_SECOND_DETAILS,data/details/r-13c00a5ca386095eddb6.json,75882,85e9607c01c32da87b4f3dac273b1d546a5ca2a031e1b6706a41b61511b439e1
02_UPLOAD_SECOND_DETAILS,data/details/r-14d7380959b6a8a9c8a6.json,16306,bdbb34af1168ca326f74de0147ccb76d026720d1c5da66376aafcdca6faf5ab1
02_UPLOAD_SECOND_DETAILS,data/details/r-1698794ffab77829ec4d.json,481936,41392894c097e648cf0e633d552c3fdf5a641a9614820d616d368abeabb736fc
02_UPLOAD_SECOND_DETAILS,data/details/r-191c51c8fdeba1880b3f.json,95552,d8b2750a16b08934735694a8413fafdba540fb8ffc2a00093958a3e15c3b49d6
02_UPLOAD_SECOND_DETAILS,data/details/r-19a9e2d622d90b6ac905.json,42355,e197abdbb8d435e6622f028375543b1885012b843dc301e549f7380149188e4b
02_UPLOAD_SECOND_DETAILS,data/details/r-1aadc2a35634e235b6c1.json,116881,a73fb91bf1bdf1aa6ea707d265c02c03e5610c1c38bedff5b3d74a3c240c3cf5
02_UPLOAD_SECOND_DETAILS,data/details/r-1c22f35e3335006bb764.json,46455,28a8121335b970183c0aa45d0735237e9409f92c011a8dbf80307d0b029af526
02_UPLOAD_SECOND_DETAILS,data/details/r-1ed5739472bc43810ef1.json,243132,0f78650629a1eac038fd06677db4c5597168f8389f6e16546f63c2e144ffc905
02_UPLOAD_SECOND_DETAILS,data/details/r-1fba908361b442b5cb20.json,141521,4d6a9c3ba4ac3963168a2be0d12d0ca471d1c4d137cd7f978756bd2c5aa04d2f
02_UPLOAD_SECOND_DETAILS,data/details/r-1fd15fa7253e53278dfb.json,48976,27710261ae035b225880a8441862749be2587efcba7dec806009d44044ddb91c
02_UPLOAD_SECOND_DETAILS,data/details/r-209e9d50accb05b067b0.json,133892,10ef1019063d8a09d1113196100f9d4c1db5d1cd1ba214d3ffd0ac845a7135a0
02_UPLOAD_SECOND_DETAILS,data/details/r-20e7e2ea6e97d07f883d.json,125657,f17c871da8182c620150d755b4c3603a733a040c2a5b0d5f5e34b7dbcae4c965
02_UPLOAD_SECOND_DETAILS,data/details/r-21f209c34633b9623088.json,136847,ca7e9c2de512b47f45aec4ed84e9cbfdbba3917e2d11252ffcfc5709536590ca
02_UPLOAD_SECOND_DETAILS,data/details/r-2280ef9a1725f8c0d043.json,88629,0043e406de57be4b37c42e0e3ccd3676daca3fdf396cbdc135f1551f2c65cb4d
02_UPLOAD_SECOND_DETAILS,data/details/r-22e9d857af880e825c3b.json,205929,2ae454f6729235e2ac580b707ed58be1da05ac3e4713448171ce26aeccaa754b
02_UPLOAD_SECOND_DETAILS,data/details/r-230b1b2d887a4b58d62d.json,43451,9782402ffe16caf5f144b9f7619dcaee9a9338a82c1c648c64e359c43dbc6597
02_UPLOAD_SECOND_DETAILS,data/details/r-24f72ade0c22ea85a562.json,84350,70560638336ac70969f4b23efc32f1c31a6cc1ccab9ad55a0ea7e0dcd71e3f25
02_UPLOAD_SECOND_DETAILS,data/details/r-26d9a5a3fd2de5a542e5.json,78457,5a2ee457b71c565ef3bde90facd50a8a21c2f1e0fae7cf1815b1dbb90c82cfec
02_UPLOAD_SECOND_DETAILS,data/details/r-2a4b15b329f7036f9aad.json,83479,dae54367bd7a108ade8c0b767f2d87ec00388e31498ad58ab3e13af8ddaee028
02_UPLOAD_SECOND_DETAILS,data/details/r-2c7b41d4523890386c6b.json,81071,1b6c1dfa3235592c20b00c2a9e164a72de0f5ea9bb98849b367cce1927fff782
02_UPLOAD_SECOND_DETAILS,data/details/r-2cd05ae6da7f16de6cf5.json,23548,ee48df377c17bf435b723e37bc326738be2d20a6d9fb4219d2f9211d74af48c6
02_UPLOAD_SECOND_DETAILS,data/details/r-2cd98ed614013d99d979.json,47995,c425e3e2d5327f53fed644edf6d8c30a6451652e126a1e152d8713930c78d817
02_UPLOAD_SECOND_DETAILS,data/details/r-2f966f40ebcff93826f6.json,121913,80161c29291354b07c34f64bdf57540c99bae397a4b27373eccd6993e66b50e5
02_UPLOAD_SECOND_DETAILS,data/details/r-31335e330bae6ab81ffa.json,80592,b1e1776d53e1f38d111b1e2fa831683f79b02d2ab8ed02f89d5ce178f1cf3601
02_UPLOAD_SECOND_DETAILS,data/details/r-31d7805a42ed1ce91fbc.json,47221,b737844adfd9a6f4aac5cef9f1f5d35cbfeeb31a81b41c538696a1883fded684
02_UPLOAD_SECOND_DETAILS,data/details/r-31f11c97884e0581736c.json,166102,5332eddb212da491e17fa8a225ce4f060b5ded4ab97d3f7005fdfca9af570ebb
02_UPLOAD_SECOND_DETAILS,data/details/r-3205f704321320f287aa.json,67501,17aeb60e3dcccc0b1c0967154484eac7298b64360e0afe52d623d87c1b518b4f
02_UPLOAD_SECOND_DETAILS,data/details/r-35ec9bfa8db4597fea27.json,40233,f9a42c378e41ad165911c619b5d091f0298dba0a20e27966ed85ed8b160e4336
02_UPLOAD_SECOND_DETAILS,data/details/r-36d21831198641c842dd.json,59863,9126e0e3eefd8090dc99e05bbc85259ccbbb854f039929848068445ccdd3cb07
02_UPLOAD_SECOND_DETAILS,data/details/r-36f4ca486578c451cbcf.json,90458,07c4e9e37b88e4971c542e79a2768b228277a2b24a7664e6340dc3c236905d1f
02_UPLOAD_SECOND_DETAILS,data/details/r-37416afce43e9439c37f.json,54528,8fca0070249051895275ff4cdc157aadde218a857f80ffede2ee93115f66c7b3
02_UPLOAD_SECOND_DETAILS,data/details/r-37a66a8a953d50b44621.json,102105,db6c0b2ac7b05767dcc80af5881fb0511406a681d0928df39e9d0d0007cbd503
02_UPLOAD_SECOND_DETAILS,data/details/r-37c0c5c3948fe068baec.json,69576,a3c3f8efb4555ff79eda1466444c2f97706f0b747d94cd957467d975cebe06e5
02_UPLOAD_SECOND_DETAILS,data/details/r-38f1f7f4a6612f38b054.json,71958,4159213e48ed4804e60fc9b8ea3b66e68ba9ef250585a34b7acfb0c2fc760b12
02_UPLOAD_SECOND_DETAILS,data/details/r-3b01dc787b13d5ebed95.json,85088,cd8a3da79c4fcd9f088806626668f261a3e019497ddb29d1dde4c09d8c609b60
02_UPLOAD_SECOND_DETAILS,data/details/r-3b9c8f278def47ff45c0.json,132904,4d4ea8f2f732384ef0d74b72ac5f7a131d2811dd43ab5ca7731cca84c5ec5f0e
02_UPLOAD_SECOND_DETAILS,data/details/r-3d5bfccada796abaa96a.json,55698,69f2b0a44687c3e501c8f53faed75e3e5138c0d0cb63bd7753a0258c5ff2da27
02_UPLOAD_SECOND_DETAILS,data/details/r-3eaedf8eb4b578478f65.json,109148,d9a62eed3cd63e4deb055d8c667f7d2326dd8e8ff86ca3d7d62389d2836a4fb8
02_UPLOAD_SECOND_DETAILS,data/details/r-3f29a665c94662a57955.json,43844,1cc160be78572b4961396dbaf0c6f8d66d9d39b72a8268e74a0add30bcab2549
02_UPLOAD_SECOND_DETAILS,data/details/r-3f9e2a7a8640a3c0b1a2.json,59080,2cdc28a4c0473c99d8b4f348b1b6952769667d07af301c749da8fb009ac7e131
02_UPLOAD_SECOND_DETAILS,data/details/r-3fe30eeb4f94a7283873.json,123352,c1b820bf9d833064ae9851aec35a65fb2932600fc26b40c7567b3639f0644899
02_UPLOAD_SECOND_DETAILS,data/details/r-409bcbe6cbcd9c20569d.json,22115,e5b830949875f558bad0041a2a8d3ed70bfc43e366ea7fa6ccf55106f45abb54
02_UPLOAD_SECOND_DETAILS,data/details/r-4166a1b22ded9f5af7c3.json,20665,fdb3277240fca4c610d5631cfe2b17bca6d8eeb4059c8f81f574b1db02d23df0
02_UPLOAD_SECOND_DETAILS,data/details/r-42000d0d1bb076d0b680.json,464778,77d294bcf84729ef1d2beb7d6123a1600d820a2edaa6e016ab287e3547b81a54
02_UPLOAD_SECOND_DETAILS,data/details/r-431731b03d020e75a901.json,245507,d43f2bc423ae97d322a897ed15d4d4e31b3785caa5f90aee688049cc26f22ec2
02_UPLOAD_SECOND_DETAILS,data/details/r-437a7cf09da60e127fe3.json,157200,c8ee88c1b4913916d1a77f3e180f2769c156280f01c84428e032ec6d8ef38d68
02_UPLOAD_SECOND_DETAILS,data/details/r-441cfb0c7ee639f6e8e5.json,64632,d2ac31db0e2dac4f87ff92110091813505aa62cf7f8496f46d4a681eb448c8d0
02_UPLOAD_SECOND_DETAILS,data/details/r-46a7fe55e0fc3eff3e4e.json,65819,82583a82665cf36a2939ad98369df326d49b51d8e01e18ec155b1e40bc8e21ef
02_UPLOAD_SECOND_DETAILS,data/details/r-471eec1cc96f85d53d18.json,48254,8a55893c087ea3f29bbab35bdf33951f9126a9f1d660109f355e038c84e02f9b
02_UPLOAD_SECOND_DETAILS,data/details/r-4722863e4418a05405a0.json,73531,59c50ca4d691eee04747d865a99b94f17dd94a4428642506eb37bfa0c5c404c0
02_UPLOAD_SECOND_DETAILS,data/details/r-485d918ad360fc6d8d77.json,92618,3b6164ec377ab81f8811a2acf00105834a3a6502b71aeaef54500adae2048803
02_UPLOAD_SECOND_DETAILS,data/details/r-488f165dc75c7056ecf9.json,136604,2d00878adad34840b2cac9eed102bbffd0f111244c1eabd7697d764f4660bf3f
02_UPLOAD_SECOND_DETAILS,data/details/r-496e070fd0ea35e953fe.json,87734,0d3f27a5b7c4c642080e3bb8d01354e0682e0ddf8307b5d4f7606cce7b21957f
02_UPLOAD_SECOND_DETAILS,data/details/r-49b09288a8c63915b24a.json,73661,be7b7097db111cd869c7d8ffc2b55d5fe193129c7cd010fa3929ebdc0b528245
02_UPLOAD_SECOND_DETAILS,data/details/r-4fc2e1f44ac667bdebdb.json,38020,4bb2dde618ea8d2b009692b00eff40dc9c5e5778162d3525f3a64696e6a6e981
02_UPLOAD_SECOND_DETAILS,data/details/r-50f7ab831166369aad47.json,80593,717c28010b08f0f739647710718901b844f8746526df46d33bdb75a0a5111fcf
02_UPLOAD_SECOND_DETAILS,data/details/r-5204c84c40eba8a28a06.json,73275,61bcab7e8a02174aac28b891034b04ec2cfdd6b533776bc92172869a399831df
02_UPLOAD_SECOND_DETAILS,data/details/r-543994d4cf94260e0498.json,67167,95b65aeee7b9eb5cc5a94063765e15ef2bcd1fafd0b2d0471dd58581ecc9e925
02_UPLOAD_SECOND_DETAILS,data/details/r-5590693d93236fd1d617.json,319395,14290ee99b15d29000d955849405a67624ed4fe490c40b55ee45585396ad4025
02_UPLOAD_SECOND_DETAILS,data/details/r-59421e2ae4ace3c92e7a.json,18186,d043095ca07c4f588702a257b416048a2003dba7d713155132be8046f7dd48c8
02_UPLOAD_SECOND_DETAILS,data/details/r-59a30c6654ba803bd314.json,147387,1ce365d50c59df307377d16d34585150f5af5b6b6fdf2d50a8b79dc4e52cf411
02_UPLOAD_SECOND_DETAILS,data/details/r-5af46d170d46242f43a2.json,85533,17c59900b172b4f1c90e1f51aefa7b1cdb333628d5df1b71f4cacb9a4af4a759
02_UPLOAD_SECOND_DETAILS,data/details/r-5b0e19d4c4e45a8c59c5.json,55896,869223c44bf698dae3e3a76fd8c03817a30105cbd833cab895479e5e8b18828e
02_UPLOAD_SECOND_DETAILS,data/details/r-5bb3ec4196339adf3420.json,47458,6ce8b635de12565bd18c12d5a92a5f666b55860c59c2684e958490424e9280cc
02_UPLOAD_SECOND_DETAILS,data/details/r-5d5543cc2ef6648e0746.json,58232,63dcb35a7b0df464a37df37ed5a20e2ea92c8eb9c684781b24f8ef911c54b747
02_UPLOAD_SECOND_DETAILS,data/details/r-5dc41df946d3111773f9.json,75318,49527ddc20deb05319c751a72f964c34c277eb77a9651276ff472b79caad64ec
02_UPLOAD_SECOND_DETAILS,data/details/r-5dd3f624f4564e938804.json,51534,5e4b7d806c81c5abe6303951d2355cde5b5480b232028721b031b8b01e0073c8
02_UPLOAD_SECOND_DETAILS,data/details/r-5eabebf02d36feaea300.json,14977,b91874f61f5599beb7139980e1282fbb03bed9bf1a6b966f238cc78a726a2497
02_UPLOAD_SECOND_DETAILS,data/details/r-5edf02c988150660b171.json,21198,c283cc135c65b23786b9c0a4af8756a8569b7c9ff30c0b86e37e99165e2b1d24
02_UPLOAD_SECOND_DETAILS,data/details/r-5effaf37f28a8b790417.json,27494,de70f16b3c9c6a52ab94b135530cbdc90dedc33d8ad4cafb611085bcd75a7d88
02_UPLOAD_SECOND_DETAILS,data/details/r-5f5d0c54b99d6e97c074.json,126048,d697cf1b01d18f637ddfb2f351a3a68e74c3d2786fead95e1073714e07938ccc
02_UPLOAD_SECOND_DETAILS,data/details/r-60a6de90e50ca8faa82b.json,102167,85ac6bc47ce4d746148c5033ba7b4dc86eb79a1cd4ba5f896fb3888fd50470e2
02_UPLOAD_SECOND_DETAILS,data/details/r-61d31eca69b7f7c7e349.json,62658,ebd09a9e2b9f3afa421e896d8e92d7d48d7e1f24d239ae0ee287b0c87ed600fa
02_UPLOAD_SECOND_DETAILS,data/details/r-63797baef6d5371206f9.json,63310,57fcca30cac378540ee9bab8cb2e47a232d07fb02c0c1abaa478268123e43e94
03_UPLOAD_THIRD_DETAILS,data/details/r-63b0231765401ea57df1.json,58831,a4114e88ccd53a7be9bb662b2ce713b16b4ed99c984b10ca13717eae03dbcbf6
03_UPLOAD_THIRD_DETAILS,data/details/r-656eaa9e3d5dab834d27.json,373466,1f88f2e670a54f910d8a0ce361e5d8b894f3f5f9505779bbc726dd1a08773d3d
03_UPLOAD_THIRD_DETAILS,data/details/r-65abb93c693c0f303d3f.json,47577,80c136ece3fb1995e27781e18b757acd338e8e88767a949f89b12a6d9a068b2c
03_UPLOAD_THIRD_DETAILS,data/details/r-6654d16238b088f4f1fc.json,40969,6ff79a97fd3372ec5bb35d31a34a0531b95208846747379a933633eea424a3f4
03_UPLOAD_THIRD_DETAILS,data/details/r-66f3f0a3e20cf5ef557e.json,24908,a1e42f9068ac9e82156533f0da8f1d64fb2773dee37f8f0b0fdf7b7e4e65ee15
03_UPLOAD_THIRD_DETAILS,data/details/r-670b6c6476dfa8a4fe8b.json,96594,bd7548c7abb151db62ab7a830ca89e18c75bd9068186391072ca797ce385f435
03_UPLOAD_THIRD_DETAILS,data/details/r-6868f041f60bcd6df2e2.json,204087,12cc20bb207f73cb29fb29dd882fe7062cb5fcd4c313482a4b971e53ca010d8f
03_UPLOAD_THIRD_DETAILS,data/details/r-696a17d003fc3e82cb80.json,182537,0da68cf6facaf08defaf73a6229367afa36dbb708424c0ffb29d3a0b2b0dae44
03_UPLOAD_THIRD_DETAILS,data/details/r-6bda171f3277c22faa7d.json,77483,f47c0a922c414136a804d57c016db42443a741a3127ec416fb3fd3c710ff23ea
03_UPLOAD_THIRD_DETAILS,data/details/r-6d4a58332d00b3c43dc1.json,33237,f0b12639c4a0459e6586dee3c2047023593a249ae7da2f3e1a1bd5a228b59f95
03_UPLOAD_THIRD_DETAILS,data/details/r-6d7858af6aa73555ef3c.json,29097,ab2da9c947725a2230863ded6e4f132822503fa5ac17625ac538365f0e0b115d
03_UPLOAD_THIRD_DETAILS,data/details/r-6ec032221b4bddd6ac34.json,524817,9bcf58610b93fc98db6c0c8cd9d8f6a8217be88875a47081686f56153ec9337f
03_UPLOAD_THIRD_DETAILS,data/details/r-70d3a6ec2e73483584ac.json,141275,c982adce44ee71a3a1d4febfb3e965f35c324060da8061d90ea2e38131b9bb01
03_UPLOAD_THIRD_DETAILS,data/details/r-715455f15e6644f541f5.json,33060,b00a76bb38fd0871387e2d33d42753d9f2a32d6f418f708b26b4b25b3986a6df
03_UPLOAD_THIRD_DETAILS,data/details/r-734334058bace77873d1.json,77319,6958f1b2e5036903766b052dfa66c340e6c58b9ba73cb638f0b0f319d9e2def8
03_UPLOAD_THIRD_DETAILS,data/details/r-735bb3920c62fa0157e5.json,108119,fcba5de3b0096346d33e36ec9d0a883eb986124e375d6a266bc20824dba9f4a8
03_UPLOAD_THIRD_DETAILS,data/details/r-7364ee2ba04326fe731e.json,126598,f12442123333645732c0e487eb817ffdb1c571c4c9cdab61f0075feb65ee204a
03_UPLOAD_THIRD_DETAILS,data/details/r-7430ae5db0efd834c2e2.json,34160,5423ddf31699e53d1deddbfa727e09bc73e4a0bcc388dc0eb92925565a95bec7
03_UPLOAD_THIRD_DETAILS,data/details/r-750412a6462a00bc7919.json,84629,cf78e1fe625a7a30cb6780dbfd9e70fdad3fc23222f31363d56b58d9a339159b
03_UPLOAD_THIRD_DETAILS,data/details/r-758144760234b9ea117b.json,107507,644528bc9fd97b1c87213a6be5608bc75b226be44274ef750bfd7da34f754c80
03_UPLOAD_THIRD_DETAILS,data/details/r-791b876b29276dc149e0.json,58503,3ce1fde4842a816894ed0404bbcb557513dd422a9d7685a22b44348445eebdee
03_UPLOAD_THIRD_DETAILS,data/details/r-793f80452d321b30ae5d.json,122787,f78167a7798dfd1041ba2642aad72ed2c2643c795df75b4cc9d84894e435f805
03_UPLOAD_THIRD_DETAILS,data/details/r-7948f02497dae336de72.json,211139,fd5c19928d1b9db3f82ebf4398f1d9bf3c0b9c656e937134250d5bda6aeabbcf
03_UPLOAD_THIRD_DETAILS,data/details/r-7b0de1d9e2774be83bae.json,142113,a4b96220a42dc7b9db0f4cf410f13ee9f698fe5ff35ab4b65ccb4b38f0421aef
03_UPLOAD_THIRD_DETAILS,data/details/r-7ec247c16086976e48bc.json,47911,fa2a95ae418953b9e9735d6754b0b6bf3fb39ffd3936e814ca9739462e7c63cd
03_UPLOAD_THIRD_DETAILS,data/details/r-7f097a3cac9615f6deff.json,53341,958b13cef0b2446699fb36690fd10f9526e0c4a8ea1782f1f3a4be886d980b63
03_UPLOAD_THIRD_DETAILS,data/details/r-7ff829cb50b2de6c0e96.json,86085,4ded48934a71d3633a7abd1b36e63d9ccfa678cfae78b1b812e2b8b5fc68be41
03_UPLOAD_THIRD_DETAILS,data/details/r-8007a0e3d41b329cd42c.json,30725,73b18a47b1d2d9736bb76d6efba9ab5d74410b05b521ab10d8b53acd66975052
03_UPLOAD_THIRD_DETAILS,data/details/r-8007e44512faec5d9bc2.json,71349,9b11c1bda4b02b2340c819901c918f16aa83c93f07d45753f20741b6d0f9ae76
03_UPLOAD_THIRD_DETAILS,data/details/r-8092f9ba6120473790fd.json,98673,c745fb92c66ec05dfaef43cdc96616477da7fae78f12426c5bbb65d57b3d4f64
03_UPLOAD_THIRD_DETAILS,data/details/r-8318dea54c5ace65d52f.json,177041,e1000a3c3ab4b33f5eb933a7535391634a87bc8856cba1c0e9644446ac0a5af2
03_UPLOAD_THIRD_DETAILS,data/details/r-832fef26855547217cfc.json,749605,a723bb4069a87d8f9645cb2584dbf26c1ece5403b8d9696032134c8346e65b00
03_UPLOAD_THIRD_DETAILS,data/details/r-842b68fbfa4265343a5f.json,45342,c4f4bd3be7da17bc906f3d75385ab1ea1d48d964392bf8c6619768a67a532a63
03_UPLOAD_THIRD_DETAILS,data/details/r-84c46113cb1cafed2f7d.json,107971,9f43028a62e0ecf92333a7bb6cbed654086e651225551b68c2b1172cfdbeff43
03_UPLOAD_THIRD_DETAILS,data/details/r-84c5891dba706f5a7fe5.json,329619,86edbf11ce89a6c3fe47b43b4f8e3ed4d8951bf4523630b6a5c765ab4b3b76a2
03_UPLOAD_THIRD_DETAILS,data/details/r-887a4f99e9c4ca85717a.json,31414,3a9745303d54733b51bfd1c39695accfd5a10b4a31d2155a18fdb260258caf12
03_UPLOAD_THIRD_DETAILS,data/details/r-89fb5893c212973812f4.json,36603,9f8ae1b6bebdc227521efe569ff4362d6c7107f7c98ac6c38628ddd3aac808f2
03_UPLOAD_THIRD_DETAILS,data/details/r-8b3524056114be57a326.json,138969,debbdfd51624c608e8dae68b7bb84795fd77d4bd5798bb4b53647182fbb26440
03_UPLOAD_THIRD_DETAILS,data/details/r-8c09e888d9becaf482ca.json,110894,e0fa273e2cc9f46d7e009c9dabe1f4eb5a0fff05f864f2c13aac4bd4f1eda089
03_UPLOAD_THIRD_DETAILS,data/details/r-8d8db672ae15d5e80117.json,99165,cf03380a7c974b48ba6a40a783bdbea42894d8727c642ed84ac8b84145b04c4f
03_UPLOAD_THIRD_DETAILS,data/details/r-8fc96e5fa383b35c1397.json,69851,1f7a610a34a3ca6a090ee7f7d695b83a20d48724c8cf8c0f33cc506fbfb8a84c
03_UPLOAD_THIRD_DETAILS,data/details/r-90ac77d902e03f370e15.json,120623,207d985a59538384bede519b29a3e1383146b34b9b332eb00599a1588f9d459c
03_UPLOAD_THIRD_DETAILS,data/details/r-915efb16cebecda2448c.json,89222,783621b27d18efc33a2e24cce7a570cdd3c66e43bc66aaea15451e09eab8bccc
03_UPLOAD_THIRD_DETAILS,data/details/r-91652a2aa0fb0784e013.json,107695,e74a4166ea7d2bdc5d8fc4a03cdbe05e09bf3025052c21153a70355f8852b082
03_UPLOAD_THIRD_DETAILS,data/details/r-916bb9f58a37888327c0.json,158772,98d03bd6da46d8a4f3dac4f768c8f0fe1aa7e318328d5692fb81fb2ccf98d231
03_UPLOAD_THIRD_DETAILS,data/details/r-91874a2cb24d383a1894.json,88431,11d7727eac125c6fb45de2dfd8446c5ce534ce42ad81431d7b2e6193a1cf3350
03_UPLOAD_THIRD_DETAILS,data/details/r-9623297c8328b96b4133.json,75577,f15052129769b509bdf9f509c60100560275d55fba4af762556063ade2b87122
03_UPLOAD_THIRD_DETAILS,data/details/r-980bed3d1c905165961d.json,276786,42921d32bf503a73ed3c558aea0f62317ec7d31acc30ae486c701b2a0fb15f90
03_UPLOAD_THIRD_DETAILS,data/details/r-9814cbf7c5cd81b2675e.json,81778,997e00bd54b87288790b4d8c99e14d4f2e8288ef416f38427f7b00bd858be753
03_UPLOAD_THIRD_DETAILS,data/details/r-985fb54487f4073a4934.json,67869,6b3bc1b3f641119d165f56646eaaebfa7386a63aa4adf3b31fcf6523bbaa80ff
03_UPLOAD_THIRD_DETAILS,data/details/r-98fb3a79ea88a6f5a869.json,53515,25834759dd9b880ad997789610ac37dbebb14b12943eb9090f719014c9911ab9
03_UPLOAD_THIRD_DETAILS,data/details/r-99019095be703d74103f.json,278830,759cc436f8624260f343073f84656bf661d8f009b362327d324b9113b1221d31
03_UPLOAD_THIRD_DETAILS,data/details/r-9973381ee9adbe27bf85.json,76364,538a0a4eb3ea2fe1ecae957e34f2aafab9af2e8741433f1b1ee2f2ae209e722f
03_UPLOAD_THIRD_DETAILS,data/details/r-9a1db18d89aee6d0b348.json,124159,33278d0b65e5a28219e2318c0b801909ad664ed9b32c92ba2728a4627532e06e
03_UPLOAD_THIRD_DETAILS,data/details/r-9a20cb9769289fdbb9a0.json,99293,3e3fd65ad6a04d4f65043a8f007807c017a070d847192bed54bc126b4af5f339
03_UPLOAD_THIRD_DETAILS,data/details/r-9dc8b5793258db3fa35a.json,49632,bdcddc4c73f05ec6459cf76401a5a12f6d1cbc3a7dba383ac65720defbb31543
03_UPLOAD_THIRD_DETAILS,data/details/r-9dcdf86df122e676da16.json,205360,2b644de94b6b0f172336c5954450aa48f59fecdef01b517c63dcfe5a779f768e
03_UPLOAD_THIRD_DETAILS,data/details/r-9ea2163290bff7605dc0.json,119540,70da42e79bb1d252b0eb0a8c675c8b5fc3bb50311ff344d1b5118edc23431f88
03_UPLOAD_THIRD_DETAILS,data/details/r-9f2cb90a8e671276508a.json,23382,42214dcda32c3bc0898dfc9b97dc1f8db2a941f83981ce32aa64bbc95ff6938a
03_UPLOAD_THIRD_DETAILS,data/details/r-9f44a7fcb91e21def829.json,281456,276307e6aef565a06258973569c6396b08ef7472aa3acf9c774bcff53f1d520d
03_UPLOAD_THIRD_DETAILS,data/details/r-9f72281d7845e60e508c.json,39673,5e4c237318731232a8ec8c59d28e3c258f5ba7d9177eb46ede3d3ca4533d57af
03_UPLOAD_THIRD_DETAILS,data/details/r-9fa9555ddf240cafdf3e.json,92117,35d0225cbd364f74dc23c065a1371dd1058a4093aeae8a11ab1628dcfd1aede6
03_UPLOAD_THIRD_DETAILS,data/details/r-a0dbfbc1bda5eed02bd4.json,79658,52fdf9af4ddcf1f30415cf3fb831aa763dbbc1029b942f561296e508e04fc24d
03_UPLOAD_THIRD_DETAILS,data/details/r-a26b4a97794076d07e1a.json,168845,d2397dbd33a8e7e917a3492e3f755b364bac594d7d9a8499cff4bfd9645f82b7
03_UPLOAD_THIRD_DETAILS,data/details/r-a2b67dd3a76f5d76d4b1.json,139183,649fc30c472e833944b4f8bab8b928de9b76c975ac2128b9a715dcbe25119456
03_UPLOAD_THIRD_DETAILS,data/details/r-a3150a293c8d4fca7ac2.json,174436,75cd3b8bc0cbeb4bf5784ff60d3d9a528f3e7f31afc1551a5c03704c6cf3016b
03_UPLOAD_THIRD_DETAILS,data/details/r-a49aaa82abe420e3d183.json,18656,52e59a538f9f841049d5f0b3a50f0a9f543681d58e1b3a48bffa414e8fef15c8
03_UPLOAD_THIRD_DETAILS,data/details/r-a61875f8a82906dc52b3.json,95917,e5960451334c0a117990be0deb89e04f303b52a261f3b06bfb0c89bc6516602e
03_UPLOAD_THIRD_DETAILS,data/details/r-a786ace5e351040522b9.json,93365,2d23b1046f5c0d9012e796e735424ab52e448c39db5491569b605f3e7f592cac
03_UPLOAD_THIRD_DETAILS,data/details/r-a7dca623ac2cbe668081.json,83934,e896e9f7683b43ddc55bd0fc1dc0738b0b6b70a6eda0270575f2201181952790
03_UPLOAD_THIRD_DETAILS,data/details/r-a825ab19d8f09b4882c5.json,322690,088d660df610e4f3a49b406e2452411ef04eaa1e63f53be3389a10347ef68b9a
03_UPLOAD_THIRD_DETAILS,data/details/r-aa547410385d7e5a2a8a.json,80309,7d0cbdbbbe9e6c2d516b2543d1de006894501cefae432c37426ada687c688abf
03_UPLOAD_THIRD_DETAILS,data/details/r-aa78170ff60ecc875c92.json,467376,fd0ab9fce283c049b0727913b652f3e1548428dfaa39658faca04afa4cfc20cc
03_UPLOAD_THIRD_DETAILS,data/details/r-aa80457034e10340d3eb.json,97902,8d39d997117f3de5c2a3b9ff82696af86df8b4b834a2b66e48f9292567d76762
03_UPLOAD_THIRD_DETAILS,data/details/r-aae749b4b6adc76fc0b3.json,99397,1e348d244060b185a76541742931c3291c8291150b8b092a61248e4cdab267b3
03_UPLOAD_THIRD_DETAILS,data/details/r-abfe479ed7d1ff5e2d90.json,67182,ba8d6c2db026694fd725de3115f899c401a99d6a30569de1fa9d53e915c760aa
03_UPLOAD_THIRD_DETAILS,data/details/r-acaa87e016a361ceb9d2.json,39703,47935c9752c0b6842b39ce67d52b954c3f22a7f09c85b755b7ee651e26ff5df9
03_UPLOAD_THIRD_DETAILS,data/details/r-ade39e8527c7c4cb9e6b.json,114606,33393716d6441bef4ac3c6651bbf1d07f74134ea712908ec5a6c78606c75980b
03_UPLOAD_THIRD_DETAILS,data/details/r-aefaee7c9f2b46cf88cf.json,95783,74a2a95b68e1640b2961f8a4a076f2a4aa2371b87d74c07bc3bc29ca0e180422
03_UPLOAD_THIRD_DETAILS,data/details/r-af86779d6dfd29dc1114.json,38347,0340aa41c9fb641b4f1717bad52d8f469f6696113b69cb7b5af15979f48fc2a3
03_UPLOAD_THIRD_DETAILS,data/details/r-af8f0bbe77b5c94876bc.json,82504,b56215b3ba78aed2edb3219cd2db1c24a5aa3043326af1ccd9256211df2f6655
03_UPLOAD_THIRD_DETAILS,data/details/r-affdf41b425833eb3da9.json,39691,74e27c9142987deb0c1ee63f4f4787ca12a546aee4af1c1048a3a74c946bbb85
03_UPLOAD_THIRD_DETAILS,data/details/r-b0d466ae7dd29cce40cf.json,13710,34468c4c7666b45d212fec2709fd1ae8b5f16615e6544e05e35043874f9acffe
03_UPLOAD_THIRD_DETAILS,data/details/r-b232224985275c179963.json,125676,f37ecf179c19636eb58e8684ee48392532ab9fa515962c092a673176c31d1ca1
03_UPLOAD_THIRD_DETAILS,data/details/r-b299a22d4db86b991a05.json,73122,b00fd653a575ca8a51c17b85bb5336d3529173e11f4e8763a24c9aca48d41ec1
03_UPLOAD_THIRD_DETAILS,data/details/r-b4bb126684f67449a45c.json,29710,7850204583fc83f8f030c0fa7ece9cad01139aa278dc5efb9260fe8500d4baed
03_UPLOAD_THIRD_DETAILS,data/details/r-b6809d7c96c6949c3310.json,181691,c58f0da9467e9ed6f30f6480b0f6acc8ca09592b78b977b049dd3ee1447eaa18
03_UPLOAD_THIRD_DETAILS,data/details/r-b7070295c614989a0d3c.json,97597,019801129a39d18b67bf69144bb48007c2e11af566412216191636f701ba0685
03_UPLOAD_THIRD_DETAILS,data/details/r-b82ac1ac98f9020545db.json,49483,c61d3e21a3e2ac33072a0f7aded89e1dcb64ec6b0b3085de711cdea7bb0ae554
03_UPLOAD_THIRD_DETAILS,data/details/r-b9cd84bb09476ece550c.json,60985,a3c3100774e1cb5c1c20923bc57d42e1e3576e6676ca4996edfd3ec7a017b211
04_UPLOAD_LAST_DETAILS,data/details/r-b9dea86296b4868fd589.json,115124,1aa6e634be777ac580c06cb6f78f35e2dc39e1a782227424d7c21b202bc3cced
04_UPLOAD_LAST_DETAILS,data/details/r-b9ef21fc6b21224044ae.json,106851,d73164b470de6a640ccab54ca14f773199285db1d9a5396f43ec487e37331c36
04_UPLOAD_LAST_DETAILS,data/details/r-ba9e3bd41f782deaf1e8.json,45081,ce38b77cdbc7c759366682c91e6396fe5df0f4b4aad564d5d09476f35623014e
04_UPLOAD_LAST_DETAILS,data/details/r-bb9a01f5a2b1b6dc651c.json,105588,2920cad34109896390934521be7d6508991988ef64e3450391c9c862866019d3
04_UPLOAD_LAST_DETAILS,data/details/r-bdc312852366343e213d.json,22081,024f829bad816e0ee18e159f9167c09086d8707e7f026d99a9ed002b0a098f03
04_UPLOAD_LAST_DETAILS,data/details/r-bf919885975f8c274a32.json,59521,07f68d7d4fa25a80a9b711582361febb6845d114e9ff11f0fb2d8a6f4ac64de2
04_UPLOAD_LAST_DETAILS,data/details/r-c13e3a873f971cc143c0.json,68572,2157da1192ccc694878bb115f38f479a5187f9df7137e030f4c2a52f6b4aeaf6
04_UPLOAD_LAST_DETAILS,data/details/r-c22851f7c4dc05e2b90e.json,107649,6be984c0adf76756310d26d7dc1f769299311d145ce52487b0b6d9fb45843037
04_UPLOAD_LAST_DETAILS,data/details/r-c29c6e5c0d25d65b20a8.json,123278,b6b299a16374b2229d873c988049b3803b89260f2f0013dbc83fd2f5f50c6b7d
04_UPLOAD_LAST_DETAILS,data/details/r-c39497af0d52f3091af9.json,37666,777dc948177bf2c716f18a9b31ce39afb58775dfc61c84954620a3cf3c9b3922
04_UPLOAD_LAST_DETAILS,data/details/r-c54a07ffb03195efab03.json,35776,4c57e63919c69766e572727ef16ad2f44bbbb8702ade14016467fe0a8aaa8d39
04_UPLOAD_LAST_DETAILS,data/details/r-c653d12a046e346326a0.json,78253,f3238dc8c1aca5bb8b790cbe44055996ef0e688f65e3a78ef710dd29fa520abc
04_UPLOAD_LAST_DETAILS,data/details/r-c6876dc16c560b76d81f.json,32521,5887b12d935883686bdf15c4fd4d314906af428d8c6014037fa3e54aa63afd49
04_UPLOAD_LAST_DETAILS,data/details/r-c7a5745d2212a30c0fd6.json,239943,cef3eb896c89e3a27dce2589dfed6e98281c7e1617d351f1b624eff729e7e6d5
04_UPLOAD_LAST_DETAILS,data/details/r-c82db382152d0ae625c7.json,82157,a830781a6bf64ba0a50d2d5064429ee3a5e2d6f52fa6d23f78df375797dd8702
04_UPLOAD_LAST_DETAILS,data/details/r-c8840e040c58062abb00.json,126792,f854448eb8c56c119cccaca33f1e1da9da6b0723605066f698513efc2ffe4a2f
04_UPLOAD_LAST_DETAILS,data/details/r-c8b6847b769397a82732.json,98331,d28fd3080fa98912984a98b41d338d786be8956c571e89e414228fb1f9a4e006
04_UPLOAD_LAST_DETAILS,data/details/r-ca02303a2c20814ae1a1.json,162747,e0b758decbec59db599206f7ec52b637dbbd3d3a1273c59debb0976e57a98cc4
04_UPLOAD_LAST_DETAILS,data/details/r-ca73b13f00b87ba9aa07.json,41792,46b341e747db498f07a4c94b4cf3c362cce519128afe7816f39d04703fa99697
04_UPLOAD_LAST_DETAILS,data/details/r-cc1515bcb7136b78a6e6.json,74362,7419aa6cc3cc19a75bfcf8efc732fdd34ec5282a84a3477068ef7a46300c0860
04_UPLOAD_LAST_DETAILS,data/details/r-cc541052d2a0ecfcf3cb.json,53636,d1912187a9147f1f3c6829fcf6ebb904fe431e5025297eeb680c3a99f22d16c9
04_UPLOAD_LAST_DETAILS,data/details/r-cd438734120302db2f2c.json,30416,14c9c2308380af26905ea9ec6046e310af25d4ed4e73c2f97db0e3d1fcb7e515
04_UPLOAD_LAST_DETAILS,data/details/r-ce6eba0290969cbfd12a.json,134213,2582cd05acb621221d812887306feecb6b8e70a1189181b44241a33293ca7c5f
04_UPLOAD_LAST_DETAILS,data/details/r-cf346951dfa8090fc533.json,90428,f0264dd97546aae6bcdfb0616064f23c767d9bf8987e9a0c94adf84592d5c246
04_UPLOAD_LAST_DETAILS,data/details/r-d10f855b4d71fc8f2049.json,130127,8d326c657be16a26932c5c9911cd81c7f8d5f89870697d962839c34cd02d9a6c
04_UPLOAD_LAST_DETAILS,data/details/r-d112d9033dddced8ac15.json,64860,eb518c35f62d9f3a6b9e4ff1fe00ba5322e4cf23f5e48ef0bb94a58c825eabb0
04_UPLOAD_LAST_DETAILS,data/details/r-d1ff2b335dddb01c76d4.json,29941,7017fffa91baec073e36d8f8719f507643361b1e356a2e30564d47242e1cc798
04_UPLOAD_LAST_DETAILS,data/details/r-d2e3854676060bfff287.json,62408,9d85a578abb513807bae80c82f771632237ecd34e18452ca6db9ba5901dbc604
04_UPLOAD_LAST_DETAILS,data/details/r-d345bdfad535503346c2.json,149773,ccbe0f119314ac9cf5ff1a14c770db8a6b85b41c24e2292a5c4e4be140044dfe
04_UPLOAD_LAST_DETAILS,data/details/r-d3c205fe42cf9152bc89.json,79178,6c758c33384f29ea138e5461a0633c7363879e99b1be8f7b0bc53e1c38cf0613
04_UPLOAD_LAST_DETAILS,data/details/r-d687c21fbc84954e3909.json,71308,fb9c97e9ec337880c2cdc9273940c02d73a6a5fb0727a575240d35245f9e518f
04_UPLOAD_LAST_DETAILS,data/details/r-d80fe56db61ac32f0fcb.json,243105,5dce988b660261d2b79f151f5579b90c5556b605541d0a9f4210b1b93283a31b
04_UPLOAD_LAST_DETAILS,data/details/r-d92a5887393d105d52f9.json,47093,94adde21bd1eedd09a5a673163e5a5752c36db2a9e85e6210bfaf123741bd06e
04_UPLOAD_LAST_DETAILS,data/details/r-d97d8b16f72d67bafcaf.json,33256,fa5ace07e02631ca0a77c9d33c1538079de792efe0c44e4716ba2ea863eebaaa
04_UPLOAD_LAST_DETAILS,data/details/r-d9ff7793d363cb7ffdaa.json,90737,bb521b5059c058e65c680da4c808e4a309024f18278be9c8d251d2361a43cb36
04_UPLOAD_LAST_DETAILS,data/details/r-da0e984f7e5abeb77a1a.json,254433,404119a5ed4c41cd9af9baded8302cefe1bcba4fb5403e90570bf61091834d08
04_UPLOAD_LAST_DETAILS,data/details/r-da25e3370886adc6935e.json,67541,da09711bac39b9b6848a74f4208901ac88321336cdd91c564153c06ac14688b2
04_UPLOAD_LAST_DETAILS,data/details/r-da42eeb64ce6fbd1479b.json,52200,c62036ffe5532b7ef8ba88ea87920b7b9ca44da013f7feb952260b7ca387971f
04_UPLOAD_LAST_DETAILS,data/details/r-dde59dffcee325912d59.json,73939,3467c716b9714239dc34e0cac08900793a9bbd97aae1316ddd9a50e1c9f850dd
04_UPLOAD_LAST_DETAILS,data/details/r-dfeee13d621af266bfed.json,57163,7f4db56a5c901e5b86e46c542dbc08d49556f58840288d5ab81e20cbe6da8c1d
04_UPLOAD_LAST_DETAILS,data/details/r-e0d6ae43bf00b810cf6c.json,101757,29a8684fbda457827fb54f189f178d3560913f7219cc8ffb67152368ca8dcd7f
04_UPLOAD_LAST_DETAILS,data/details/r-e193cfe1cad9c3f2b7ac.json,87491,31a2a632289ab3aeda55953c0bf1677266c04dac6957210b3ead851cfb6248fe
04_UPLOAD_LAST_DETAILS,data/details/r-e2cae90871c0797e3d77.json,134110,dd4192dedafd40f222b5a198ebc510cd0510f3766a0353fb99c2b2f10d234fa3
04_UPLOAD_LAST_DETAILS,data/details/r-e603ec695c7181eac3ae.json,121886,b6c1d3a94151d3731a0f858162badddd35afbac912575d97e4de2f915e34498b
04_UPLOAD_LAST_DETAILS,data/details/r-e77991ea61d50deed198.json,55330,3f3a74be1ff8de05e11ebe44efd5cdaf80700b03fe8e07148f217b8742e81fca
04_UPLOAD_LAST_DETAILS,data/details/r-e8b794aa265142becd0b.json,29120,765f49b95d18e961d01b4e0aa92ea22010c651c7bd78177733a9101dbe17371e
04_UPLOAD_LAST_DETAILS,data/details/r-e937e679aea2e1b3d0db.json,64565,8e97a1b4cb50aec83e052175d0e166d5f44dff59ff85918cb9f48312ff9b51fa
04_UPLOAD_LAST_DETAILS,data/details/r-e95286d47486f1794c5e.json,63937,7089e9cce88803a2dbc1bef643271d3b012252ac6d760de874098f0237fbbb0d
04_UPLOAD_LAST_DETAILS,data/details/r-e99580a0d3ae6a971c79.json,79648,e8329523dba3e5f19fc9fd0c671fe69d66f78034be7c26f691d5ae862fd0bf2e
04_UPLOAD_LAST_DETAILS,data/details/r-ebb238057335f021b779.json,170793,bef9dc50bc5b0b919646aa8a9465e02e7587f299e62f87563be76dc84480b9fe
04_UPLOAD_LAST_DETAILS,data/details/r-ed74200e9e5bc8adc0bf.json,123103,2429c0b683a993208a381cacc4a2aba8915500ac3249b175d07c6f229066b966
04_UPLOAD_LAST_DETAILS,data/details/r-eddf78ba97aaf8b49170.json,86680,5368e29dd10f83d0fdc93971318af751e5e914b2c7327cbb0f8617db23afeac6
04_UPLOAD_LAST_DETAILS,data/details/r-ee97c298276c3c1cea9b.json,364711,e075ec46e8b1daeaa16e2b56a87cda55bed0a907b23363482e89159e181a2559
04_UPLOAD_LAST_DETAILS,data/details/r-ef3fbbca640f2ae55781.json,75761,b1dba291ae38df55906a18bb164bd3ed2b9c6f391f884746df5af5f7ae3f3d76
04_UPLOAD_LAST_DETAILS,data/details/r-ef6cd97a4b328a84c8cf.json,76259,8ca47c74c5ec9f7f8d59cc2d4c4ecc75525e234c6bca616628bb8bd77dd2681d
04_UPLOAD_LAST_DETAILS,data/details/r-f0f0d60287dd7d60fccd.json,202402,f21354919d456f7cb7da56e85499e9c9e13409dcf2b8ee90475cb93ff8242d36
04_UPLOAD_LAST_DETAILS,data/details/r-f189cd4d2a80f876555d.json,46245,5626f86f3c505446c1051a19327f3353fc44387754b828f8b09383a1769272a7
04_UPLOAD_LAST_DETAILS,data/details/r-f30781624dded04c8d42.json,763221,a1f1e4f4737800970aa9e5c58fca04f7e31b9e7777c4565059079aba33a4e9c8
04_UPLOAD_LAST_DETAILS,data/details/r-f309fc262a18726df544.json,95043,8f98adfcb5c09c6b98a9a5736ec54e4eed587ffdac0bc169a1b5372a55bb8126
04_UPLOAD_LAST_DETAILS,data/details/r-f3ad7a8d17597ddf4a8f.json,182446,422f008bd3373b97522c43cbc363db8d3f9ae1b7a6ba9ea09994b66fe517e70d
04_UPLOAD_LAST_DETAILS,data/details/r-f459737bbc7380cd9c75.json,48268,e0681b01a1d86acdf9a7070bcc7e32ecf6d136e4e16253ab4b3ef43cee361632
04_UPLOAD_LAST_DETAILS,data/details/r-f48a87cd08044baf3ac9.json,121206,e7d930eb3f7bfd2f83a2b74018dd3938b14534b47970d65a6965e108600d8784
04_UPLOAD_LAST_DETAILS,data/details/r-f48d61736677c74651f7.json,25767,3d41414590bf1c39c0f762757d84bbd511fbad0672ca4e7c6c6f4476d4a8dbc7
04_UPLOAD_LAST_DETAILS,data/details/r-f5bb72bfbaabca8d7864.json,116353,5c2e15aa79ff1decfcbb41b848cb561b9d592de935539931652c925dc2f1b2a3
04_UPLOAD_LAST_DETAILS,data/details/r-f629ce24834209628512.json,183886,a82e12e7f75a4d17274ce474f7ac10ebf33382479da24fccc4d0f9daeb1817c3
04_UPLOAD_LAST_DETAILS,data/details/r-f8d7bf9a352a6f125ae1.json,148177,901ace8322e12c767ca5a480517764b83b3256b9c44e5cdbf751203ff6950bef
04_UPLOAD_LAST_DETAILS,data/details/r-fa1638adf5cb76f71912.json,66829,1e7f9dcf2fb0baf31829515cb18daa83118db5cf63fac55742391c01b150ecc8
04_UPLOAD_LAST_DETAILS,data/details/r-fa8ab087fbeb4cd4cc19.json,51475,7a1c402dd81d3e19af908628d5c4348cd164dbdb821be3b23f97da2efe10605e
04_UPLOAD_LAST_DETAILS,data/details/r-fa991bb7df80dc4a97aa.json,612517,bac31227d9ec394126e65fc093caba16d7ff47d21e752990fddb4ed0ae84a0be
04_UPLOAD_LAST_DETAILS,data/details/r-fb28b16bbd9aaed79aa7.json,19576,4179afb3428131b8a881d8921f85eb3329b0433a130d096cc4f61b7fb52630a7
04_UPLOAD_LAST_DETAILS,data/details/r-fb5f336472007232e6ec.json,41959,0fde88988e30dfbc32cb675a7db16354b33b6a72cf1b0e99d3246ecd03c7f66b
04_UPLOAD_LAST_DETAILS,data/details/r-fb749d5dae8abed1aaf0.json,133189,88b9037d0df2fae516757c2d3aa4f59b0ba0cc5b2c40fba4ccfe37b26c6bc145
04_UPLOAD_LAST_DETAILS,data/details/r-fbbc15db8cf83d459fde.json,40463,66d3bb17645187318f0090d0f6f57d0db3657cedbeaf854d0f59a0fea77d1164
04_UPLOAD_LAST_DETAILS,data/details/r-fcc6c36b662eca683dc5.json,131742,2326214bcb68c6a62e7c2231296d30080a302e9396e3a2c2448e115d54020778
04_UPLOAD_LAST_DETAILS,data/details/r-fd330c2f625f5363e4bd.json,18781,c8764419943b8f47fd7c6edc062ae56e2bca7c513586b1516c828a955984e734
04_UPLOAD_LAST_DETAILS,data/details/r-fe63ae759712383389b2.json,103979,6faafec2ee1f17d9522cdc160f569d6e330c495bc987a372ea14f619b5718e9a
