plant_common_name,plant_scientific_name,plant_type,audubon_attributes_original,audubon_attributes_normalized,audubon_bird_groups_original,audubon_bird_group_count,audubon_resource_count,description,source_url_or_citation,evidence_source,audit_flags,matched_dashboard_id
American Basswood,Tilia americana,Trees,Butterflies; Caterpillars; Fruit; Nuts,butterflies; caterpillars; fruit; nuts,"Cardinals, Grosbeaks and Buntings; Chickadees and Titmice; Crows, Magpies, Jays; Finches; Mockingbirds and Thrashers; Nuthatches; Blackbirds and Orioles; New World Sparrows; Thrushes; Vireos; Waxwings; Wood Warblers; Woodpeckers; Wrens",14,4,"Also known as American Linden and Bee Tree, this perennial, deciduous tree grows 60 to 80 feet tall, sometimes even taller. This tree has a long trunk and wide-spreading branches that form a dense crown, and its inconspicuous but aromatic, yellow flowers frequently attract bees. It grows in full sun to shade, in dry to moist soils, preferring moist, well-drained, loam soils.",https://www.audubon.org/native-plants/species/american-basswood?zipcode=78666,National Audubon Society Native Plants,,PLT0288
American Beauty-Berry,Callicarpa americana,Shrubs,Butterflies; Caterpillars; Fruit,butterflies; caterpillars; fruit,"Cardinals, Grosbeaks and Buntings; Chickadees and Titmice; Crows, Magpies, Jays; Mockingbirds and Thrashers; Nuthatches; Blackbirds and Orioles; New World Sparrows; Thrushes; Vireos; Waxwings; Wood Warblers; Woodpeckers; Wrens",13,3,"American Beauty-Berry, or French Mulberry, is a showy, deciduous shrub that grows to a height and width of 3 to 5 feet with long branches that bear yellow-green foliage and small, pink flowers. Beauty-Berry's most distinctive feature is its round clusters of bright, glossy purple fruit at leaf axils that grow during the fall and winter. This plant provides an important food source for wildlife, growing in partial shade and moist, rich soils.",https://www.audubon.org/native-plants/species/american-beauty-berry?zipcode=78666,National Audubon Society Native Plants,,PLT0182
American Elm,Ulmus americana,Trees,Butterflies; Caterpillars; Fruit; Nuts,butterflies; caterpillars; fruit; nuts,"Cardinals, Grosbeaks and Buntings; Chickadees and Titmice; Crows, Magpies, Jays; Finches; Mockingbirds and Thrashers; Nuthatches; Blackbirds and Orioles; New World Sparrows; Thrushes; Vireos; Waxwings; Wood Warblers; Woodpeckers; Wrens",14,4,"Also going by the names White Elm, Soft Elm, Water Elm, or Common Elm, this medium to large deciduous tree typically grows 60 to 80 feet tall with a vase-shaped, broad-rounded crown. This handsome tree serves as a larval host for a number of butterfly species, and both its seeds and leaf buds are eaten by birds. It thrives in full sun to partial shade, and in moist, fertile soils. Once a very common American forest and street tree admired for its stately habit, the vast majority of American Elms were devastated by the introduction of Dutch elm disease in the 1930s. Ask your nursery about disease-resistant American Elm varieties.",https://www.audubon.org/native-plants/species/american-elm?zipcode=78666,National Audubon Society Native Plants,,PLT0289
American Holly,Ilex opaca,"Evergreen, Shrubs, Trees",Butterflies; Caterpillars; Fruit,butterflies; caterpillars; fruit,"Cardinals, Grosbeaks and Buntings; Chickadees and Titmice; Crows, Magpies, Jays; Mockingbirds and Thrashers; Nuthatches; Blackbirds and Orioles; New World Sparrows; Thrushes; Vireos; Waxwings; Wood Warblers; Woodpeckers; Wrens",13,3,"Common names for this plant also include White, Prickly, or Christmas Holly. It is an upright, pyramidal, evergreen tree that slowly matures to a height of 30 feet, sometimes even 60 feet in warmer areas. It is the only native U.S. holly with spiny green leaves and bright red berries. These fruits are poisonous to humans but enjoyed by many bird and mammal species. American Holly can grow in full sun to shade, and in moist, well-drained, sandy and loamy soils.",https://www.audubon.org/native-plants/species/american-holly?zipcode=78666,National Audubon Society Native Plants,,CAND2282
American Pokeweed,Phytolacca americana,Annuals/Per.,Fruit; Nuts,fruit; nuts,"Cardinals, Grosbeaks and Buntings; Chickadees and Titmice; Crows, Magpies, Jays; Finches; Mockingbirds and Thrashers; Blackbirds and Orioles; New World Sparrows; Thrushes; Waxwings; Woodpeckers",10,2,"Other common names for this tall, branching, herbaceous perennial include Pokeberry, Red Ink Plant, and Pigeonberry. This plant grows 4 to 10 feet tall in partial shade and moist soil, with reddish stems and long clusters of small, white flowers that produce drooping purple/black berries in late summer to fall. Pokeweed is native to the eastern portion of the U.S., and though it provides an important food source for birds during fall migration, all parts of this plant are highly toxic to humans if eaten.",https://www.audubon.org/native-plants/species/american-pokeweed?zipcode=78666,National Audubon Society Native Plants,,CAND3254
American Sycamore,Platanus occidentalis,Trees,Butterflies; Caterpillars; Fruit; Nuts,butterflies; caterpillars; fruit; nuts,"Cardinals, Grosbeaks and Buntings; Chickadees and Titmice; Crows, Magpies, Jays; Finches; Mockingbirds and Thrashers; Nuthatches; Blackbirds and Orioles; New World Sparrows; Thrushes; Vireos; Waxwings; Wood Warblers; Woodpeckers; Wrens",14,4,"This plant also goes by Eastern Sycamore, American Plane Tree, Buttonwood, and Buttonball Tree. A deciduous, perennial tree with a large trunk and wide-reaching canopy, it grows 75 to 100 feet tall and produces large, maple-shaped leaves and globular fruit. It grows in full sun to shade, and in moist, sandy loams or silty clays. This tree is deer resistant and attracts birds especially for shelter.",https://www.audubon.org/native-plants/species/american-sycamore?zipcode=78666,National Audubon Society Native Plants,,PLT0267
Ash-Leaf Maple,Acer negundo,Trees,Butterflies; Caterpillars; Fruit; Nuts,butterflies; caterpillars; fruit; nuts,"Cardinals, Grosbeaks and Buntings; Chickadees and Titmice; Crows, Magpies, Jays; Finches; Mockingbirds and Thrashers; Nuthatches; Blackbirds and Orioles; New World Sparrows; Thrushes; Vireos; Waxwings; Wood Warblers; Woodpeckers; Wrens",14,4,"This fast-growing and fairly short-lived perennial tree, also known as Box Elder, reaches 80 feet in height. It often has several trunks and can form thickets that grow greenish yellow leaves with a March to April bloom time. This tree grows in full sun, in medium to wet soil, and produces winged seeds that birds and squirrels feed on. It tolerates a variety of soils including dry and clay soil, but is intolerant to shade.",https://www.audubon.org/native-plants/species/ash-leaf-maple?zipcode=78666,National Audubon Society Native Plants,,PLT0243
Azure-Blue Sage,Salvia azurea,Annuals/Per.,Nectar,nectar,Hummingbirds; Mockingbirds and Thrashers; Blackbirds and Orioles; New World Sparrows; Vireos; Waxwings; Wood Warblers,7,1,"Also called Pitcher Sage and Giant Blue Sage, this is a clump-forming perennial that typically grows 3 to 5 feet tall. It produces stiff stems which spout whorls of two-lipped, azure blue flowers in spikes from mid-summer to fall attracting bees and hummingbirds. Azure-Blue Sage grows best in partial shade and in a variety of dry soils, including sandy, loamy, clayey, and limestone-based soils.",https://www.audubon.org/native-plants/species/azure-blue-sage?zipcode=78666,National Audubon Society Native Plants,,PLT0139
Black Cherry,Prunus serotina,Trees,Butterflies; Caterpillars; Fruit,butterflies; caterpillars; fruit,"Cardinals, Grosbeaks and Buntings; Chickadees and Titmice; Crows, Magpies, Jays; Mockingbirds and Thrashers; Nuthatches; Blackbirds and Orioles; New World Sparrows; Thrushes; Vireos; Waxwings; Wood Warblers; Woodpeckers; Wrens",13,3,"This deciduous, perennial tree reaches 60 to 100 feet in height and 1 to 4 feet in diameter with a long trunk and oblong crown. It produces small, white flowers in the spring and purple to black fruit in the summer eaten by birds and many mammals. It grows in moist, well-drained soils, in full sun to partial shade.",https://www.audubon.org/native-plants/species/black-cherry?zipcode=78666,National Audubon Society Native Plants,,PLT0271
Black Willow,Salix nigra,Trees,Butterflies; Caterpillars,butterflies; caterpillars,"Cardinals, Grosbeaks and Buntings; Chickadees and Titmice; Crows, Magpies, Jays; Mockingbirds and Thrashers; Nuthatches; Blackbirds and Orioles; New World Sparrows; Thrushes; Vireos; Waxwings; Wood Warblers; Woodpeckers; Wrens",13,2,"Also known as Gulf Black Willow or Swamp Willow, this fast-growing, deciduous tree grows 30 to 60 feet tall on single or multiple trunks topped by a spreading, rounded, sometimes irregular crown. Its fall color is variable, normally greenish-yellow. This tree can grow in full sun to partial shade, in moist to wet soils, and is flood and silt resistant. Its dark brown/black bark is soft and often food for deer, rabbits, beavers, and other such browsers. Black Willow is also a larval host to a number of butterfly and moth species.",https://www.audubon.org/native-plants/species/black-willow?zipcode=78666,National Audubon Society Native Plants,,PLT0283
Black-Eyed-Susan,Rudbeckia hirta,Annuals/Per.,Butterflies; Caterpillars,butterflies; caterpillars,"Cardinals, Grosbeaks and Buntings; Chickadees and Titmice; Crows, Magpies, Jays; Mockingbirds and Thrashers; Nuthatches; Blackbirds and Orioles; New World Sparrows; Thrushes; Vireos; Waxwings; Wood Warblers; Woodpeckers; Wrens",13,2,"This herbaceous annual grows 1 to 2 feet tall in full sun and moist to dry, well-drained soil. The daisy-like flowers are yellow with a brownish-purple center, and bloom on rough stalks from June to October. It attracts birds for its seeds and pollinating insects for its nectar, and is resistant to browsing by deer.",https://www.audubon.org/native-plants/species/black-eyed-susan?zipcode=78666,National Audubon Society Native Plants,,PLT0134
Blood Sage,Salvia coccinea,"Annuals/Per., Shrubs",Nectar,nectar,Hummingbirds; Mockingbirds and Thrashers; Blackbirds and Orioles; New World Sparrows; Vireos; Waxwings; Wood Warblers,7,1,"Also known as Scarlet Sage, Tropical Sage, and Indian Fire, this annual plant grows to 4 feet tall and easily reseeds itself. It produces several whorls of showy, red flowers from an interrupted spike on a square stem from February through October, highly attracting hummingbirds. Blood Sage can grow in full sun to shade in dry to moist soils.",https://www.audubon.org/native-plants/species/blood-sage?zipcode=78666,National Audubon Society Native Plants,,PLT0140
Burr Oak,Quercus macrocarpa,Trees,Butterflies; Caterpillars; Fruit; Nuts,butterflies; caterpillars; fruit; nuts,"Cardinals, Grosbeaks and Buntings; Chickadees and Titmice; Crows, Magpies, Jays; Finches; Mockingbirds and Thrashers; Nuthatches; Blackbirds and Orioles; New World Sparrows; Thrushes; Vireos; Waxwings; Wood Warblers; Woodpeckers; Wrens",14,4,"This deciduous tree goes by many names, including Savannah, Overcup, Prairie, Mossy-cup, and Blue Oak. It is a long-lived shade tree with a massive trunk and sprawling canopy, growing over 100 feet tall and wide in full sun to shade and in various soil conditions. It has thick, gray bark and deeply lobed, green leaves. The nuts have distinctive, coarse scales on the caps, and its tolerance to air pollution makes it a good urban tree.",https://www.audubon.org/native-plants/species/burr-oak?zipcode=78666,National Audubon Society Native Plants,,PLT0277
Butterfly Milkweed,Asclepias tuberosa,Annuals/Per.,Butterflies; Caterpillars; Fruit; Nectar; Nuts,butterflies; caterpillars; fruit; nectar; nuts,"Cardinals, Grosbeaks and Buntings; Chickadees and Titmice; Crows, Magpies, Jays; Finches; Hummingbirds; Mockingbirds and Thrashers; Nuthatches; Blackbirds and Orioles; New World Sparrows; Thrushes; Vireos; Waxwings; Wood Warblers; Woodpeckers; Wrens",15,5,"Other common names for this nectar-rich perennial include Orange Milkweed and Pleurisy Root. It typically grows in clumps up to 1 to 3 feet tall, and features clusters of bright orange to yellow-orange flowers. Though toxic to humans if eaten in large amounts, its blooms are attractive to both butterflies and hummingbirds, and like all milkweeds, it serves as a host plant for butterfly species including the Monarch. Drought tolerant, this plant grows in full sun and in dry to moist, well-drained, sandy soils.",https://www.audubon.org/native-plants/species/butterfly-milkweed?zipcode=78666,National Audubon Society Native Plants,,PLT0045
Cardinal-Flower,Lobelia cardinalis,Annuals/Per.,Butterflies; Caterpillars; Nectar,butterflies; caterpillars; nectar,"Cardinals, Grosbeaks and Buntings; Chickadees and Titmice; Crows, Magpies, Jays; Hummingbirds; Mockingbirds and Thrashers; Nuthatches; Blackbirds and Orioles; New World Sparrows; Thrushes; Vireos; Waxwings; Wood Warblers; Woodpeckers; Wrens",14,3,"Cardinal-Flower is a short-lived perennial that grows up to 6 feet tall, and is capable of thriving in standing water or average soil. From mid-summer to fall it produces showy red flowers at the end of terminal spikes that are especially attractive to hummingbirds. This plant can grow in full sun to shade, but its soil must always be kept moist or wet.",https://www.audubon.org/native-plants/species/cardinal-flower?zipcode=78666,National Audubon Society Native Plants,,PLT0103
Cedar Elm,Ulmus crassifolia,Trees,Butterflies; Caterpillars; Fruit; Nuts,butterflies; caterpillars; fruit; nuts,"Cardinals, Grosbeaks and Buntings; Chickadees and Titmice; Crows, Magpies, Jays; Finches; Mockingbirds and Thrashers; Nuthatches; Blackbirds and Orioles; New World Sparrows; Thrushes; Vireos; Waxwings; Wood Warblers; Woodpeckers; Wrens",14,4,"Cedar Elm, also known as Fall, Basket, Scrub, or Southern Rock Elm, is a medium to large deciduous tree that grows to 90 feet tall, with a rounded crown. Its small leaves are rough and its fruits are small-winged seeds that mature quickly after flowering in late fall. This tree grows in partial shade and in moist to dry soils, serving as an excellent source for food, cover, and nesting sites. Cedar Elms are partially resistant to Dutch elm disease; consult with your native plant nursery.",https://www.audubon.org/native-plants/species/cedar-elm?zipcode=78666,National Audubon Society Native Plants,,PLT0290
Common Buttonbush,Cephalanthus occidentalis,Shrubs,Butterflies; Caterpillars; Fruit; Nuts,butterflies; caterpillars; fruit; nuts,"Cardinals, Grosbeaks and Buntings; Chickadees and Titmice; Crows, Magpies, Jays; Finches; Mockingbirds and Thrashers; Nuthatches; Blackbirds and Orioles; New World Sparrows; Thrushes; Vireos; Waxwings; Wood Warblers; Woodpeckers; Wrens",14,4,"This plant is also known as Button Willow. It is a perennial, deciduous shrub that usually grows 6 to 12 feet tall and has a twisting trunk and crooked branches. Small, white flowers grow to form a distinctive, dense, spherical cluster with protruding pistils, and the fruits are brown and button-like in appearance. This shrub grows in partial to full shade, and in a variety of moist to wet soils including loam, clay, limestone, and sandy soils. The flowers and fruits attract many pollinators and birds.",https://www.audubon.org/native-plants/species/common-buttonbush?zipcode=78666,National Audubon Society Native Plants,,PLT0184
Common Sunflower,Helianthus annuus,Annuals/Per.,Butterflies; Caterpillars; Fruit; Nuts,butterflies; caterpillars; fruit; nuts,"Cardinals, Grosbeaks and Buntings; Chickadees and Titmice; Crows, Magpies, Jays; Finches; Mockingbirds and Thrashers; Nuthatches; Blackbirds and Orioles; New World Sparrows; Thrushes; Vireos; Waxwings; Wood Warblers; Woodpeckers; Wrens",14,4,"This well-known annual grows on an erect, rough-hairy stem, reaching heights of up to 10 feet, with broad, rough leaves. The large ""flower"" of the sunflower is actually a ""flower head"" of numerous small, individual five-petaled flowers. This plant is highly attractive to birds for its seeds, and grows best in full sun and dry clays or heavy sands.",https://www.audubon.org/native-plants/species/common-sunflower?zipcode=78666,National Audubon Society Native Plants,,CAND2073
Common Yarrow,Achillea millefolium,Annuals/Per.,Fruit; Nuts,fruit; nuts,"Cardinals, Grosbeaks and Buntings; Chickadees and Titmice; Crows, Magpies, Jays; Finches; Mockingbirds and Thrashers; Blackbirds and Orioles; New World Sparrows; Vireos; Waxwings; Wood Warblers; Woodpeckers",11,2,"Also known as Western Yarrow and Milfoil, this spreading, perennial herb has feathery compound leaves and grows to 3 feet tall. Its flower heads are arranged in large, flat, compact clusters at the top of the stem. There is some confusion over the categorization of this species in North America, as substantial hybridization has occurred between native and Eurasian strains. Common Yarrow forms spreading colonies and may be best suited for naturalized areas, growing in full sun to partial shade, and in dry soil.",https://www.audubon.org/native-plants/species/common-yarrow?zipcode=78666,National Audubon Society Native Plants,,PLT0032
Deciduous Holly,Ilex decidua,"Shrubs, Trees",Butterflies; Caterpillars; Fruit,butterflies; caterpillars; fruit,"Cardinals, Grosbeaks and Buntings; Chickadees and Titmice; Crows, Magpies, Jays; Mockingbirds and Thrashers; Nuthatches; Blackbirds and Orioles; New World Sparrows; Thrushes; Vireos; Waxwings; Wood Warblers; Woodpeckers; Wrens",13,3,"This is a small, deciduous tree or shrub with pale gray, twiggy, horizontal branches and glossy, dark green leaves that yellow in late autumn. Flowers precede the red berries that provide winter color and forage for birds and other wildlife. Also called Possumhaw, Swamp Holly, and Winterberry, this perennial grows 15 to 30 feet tall in full sun to partial shade, and in moist sands, clays, or loams.",https://www.audubon.org/native-plants/species/deciduous-holly?zipcode=78666,National Audubon Society Native Plants,,PLT0213
Dotted Gayfeather,Liatris punctata,Annuals/Per.,Nectar,nectar,Hummingbirds; Mockingbirds and Thrashers; Blackbirds and Orioles; New World Sparrows; Vireos; Waxwings; Wood Warblers,7,1,"Dotted Gayfeather, or Dotted Blazing Star, is a purple or white, perennial herb that grows one or more erect stems up to 3 feet tall. The leaves are very narrow and grass-like, up to 4 inches long near the base of the plant, and becoming smaller as they ascend the stem. Its fruit is a small dark seed with a tuft of light brown hair to carry it off in the wind. Dotted Gayfeather grows in full sun and dry, well-drained, and sandy soils.",https://www.audubon.org/native-plants/species/dotted-gayfeather?zipcode=78666,National Audubon Society Native Plants,,CAND2525
Eastern Mock Grama,Tripsacum dactyloides,Grasses,Fruit; Nuts; Seeds,fruit; nuts; seeds,"Cardinals, Grosbeaks and Buntings; Chickadees and Titmice; Crows, Magpies, Jays; Finches; Nuthatches; New World Sparrows; Woodpeckers",7,3,"Also known as Eastern Gamagrass and Fakahatchee Grass, this perennial grass usually grows 2 to 3 feet in height, but can grow up to 10 feet tall. At the end of its stalks, it produces separate male and female flowers, colored orange and purple. This plant grows in partial shade and moist soils. In addition to birds, it attracts butterflies as well as deer that eat the hard seeds.",https://www.audubon.org/native-plants/species/eastern-mock-grama?zipcode=78666,National Audubon Society Native Plants,,PLT0031
Eastern Red-Cedar,Juniperus virginiana,"Evergreen, Trees",Butterflies; Caterpillars; Fruit; Seeds,butterflies; caterpillars; fruit; seeds,"Cardinals, Grosbeaks and Buntings; Chickadees and Titmice; Crows, Magpies, Jays; Finches; Mockingbirds and Thrashers; Nuthatches; Blackbirds and Orioles; New World Sparrows; Thrushes; Vireos; Waxwings; Wood Warblers; Woodpeckers; Wrens",14,4,"Also known as Virginia Juniper, Red Juniper, Pencil Cedar, Carolina Cedar, Red Savin, and Baton Rouge, this evergreen, fragrant tree varies in color from gray-green to blue-green to light or dark green. It grows 30 to 40 feet tall typically, though it can reach up to 90 feet, with soft, silvery bark covering the single trunk. Growing in full sun to shade, and in dry soils, it is the most widely distributed eastern conifer, and is resistant to extremes of drought, heat, and cold. Pale blue fruits on female plants, combined with dense foliage make this plant excellent for birds.",https://www.audubon.org/native-plants/species/eastern-red-cedar?zipcode=78666,National Audubon Society Native Plants,,PLT0261
Few-Leaf Sunflower,Helianthus occidentalis,Annuals/Per.,Butterflies; Caterpillars,butterflies; caterpillars,"Cardinals, Grosbeaks and Buntings; Chickadees and Titmice; Crows, Magpies, Jays; Mockingbirds and Thrashers; Nuthatches; Blackbirds and Orioles; New World Sparrows; Thrushes; Vireos; Waxwings; Wood Warblers; Woodpeckers; Wrens",13,2,"Also known as Western Sunflower, this perennial grows large leaves that form a 4 to 8 inch tall foliage clump. The orange-yellow flowers with yellow disks bloom from mid-summer to fall on stiff flower stems that typically rise 2 to 3 feet in height. This plant grows best in full sun and a variety of dry to moist soils, tolerating poor, sandy or loamy soils, but preferring those that are well-drained.",https://www.audubon.org/native-plants/species/few-leaf-sunflower?zipcode=78666,National Audubon Society Native Plants,,CAND2099
Firewheel,Gaillardia pulchella,"Annuals/Per., Shrubs",,,Mockingbirds and Thrashers; Blackbirds and Orioles; New World Sparrows; Vireos; Waxwings; Wood Warblers,6,0,,https://www.audubon.org/native-plants/species/firewheel?zipcode=78666,National Audubon Society Native Plants,missing_attributes,PLT0085
Fragrant Sumac,Rhus aromatica,"Shrubs, Vines",Butterflies; Caterpillars; Fruit,butterflies; caterpillars; fruit,"Cardinals, Grosbeaks and Buntings; Chickadees and Titmice; Crows, Magpies, Jays; Mockingbirds and Thrashers; Nuthatches; Blackbirds and Orioles; New World Sparrows; Thrushes; Vireos; Waxwings; Wood Warblers; Woodpeckers; Wrens",13,3,"Also known as Aromatic Sumac, Lemon Sumac, and Polecat Bush, this aromatic, deciduous, perennial shrub grows 6 to 12 feet tall. It has glossy, blue-green, toothed leaves that turn red, purple, and yellow in the fall. Yellow catkin-like flowers bloom from April to June before growing into dark-red berries that feed birds and small mammals. It is deer resistant, and grows in full sun to shade, requiring a low amount of water. It grows in a variety of dry to moist soils, including sandy, rocky, loam, clay, and limestone soils.",https://www.audubon.org/native-plants/species/fragrant-sumac?zipcode=78666,National Audubon Society Native Plants,,PLT0203
Gray Goldenrod,Solidago nemoralis,Annuals/Per.,Butterflies; Caterpillars; Fruit; Nuts,butterflies; caterpillars; fruit; nuts,"Cardinals, Grosbeaks and Buntings; Chickadees and Titmice; Crows, Magpies, Jays; Finches; Mockingbirds and Thrashers; Nuthatches; Blackbirds and Orioles; New World Sparrows; Thrushes; Vireos; Waxwings; Wood Warblers; Woodpeckers; Wrens",14,4,"This perennial, deciduous plant is also called Prairie, Oldfield, Grayleaf, Dyersweed, Dwarf, or Field Goldenrod. One of the smallest species of goldenrod, it grows to about 2 feet in height, producing bright yellow flower heads from August to November. This herb is moderately deer-resistant and grows in full sun to shade, in dry sandy, rocky, and clay soils.",https://www.audubon.org/native-plants/species/gray-goldenrod?zipcode=78666,National Audubon Society Native Plants,,PLT0155
Green Antelope-Horn,Asclepias viridis,Annuals/Per.,,,Mockingbirds and Thrashers; Blackbirds and Orioles; New World Sparrows; Vireos; Waxwings; Wood Warblers,6,0,,https://www.audubon.org/native-plants/species/green-antelope-horn?zipcode=78666,National Audubon Society Native Plants,missing_attributes,PLT0046
Hairawn Muhly,Muhlenbergia capillaris,Grasses,Seeds,seeds,"Cardinals, Grosbeaks and Buntings; Chickadees and Titmice; Crows, Magpies, Jays; Finches; Nuthatches; New World Sparrows; Woodpeckers",7,1,"Also known as Hairy-awn Muhly, Hair Grass, and Pink Muhly, this perennial grass grows to 3 by 3 feet in size. Its wiry, thread-like, dark green leaves and stems form an attractive basal clump, producing masses of airy, loosely branched, pink to pinkish-red inflorescences, each up to 1 foot long. It is highly deer resistant, and grows in full sun, and in dry to moist soils, which can be sandy, rocky, or clayey.",https://www.audubon.org/native-plants/species/hairawn-muhly?zipcode=78666,National Audubon Society Native Plants,,AUD0001
Indian Wood-Oats,Chasmanthium latifolium,Grasses,Fruit; Nuts; Seeds,fruit; nuts; seeds,"Cardinals, Grosbeaks and Buntings; Chickadees and Titmice; Crows, Magpies, Jays; Finches; Nuthatches; New World Sparrows; Woodpeckers",7,3,"Also called River, Flathead, Upland, and Inland Sea Oats, this is an attractive, highly shade-tolerant grass that grows 2 to 4 feet tall and forms drooping oat clusters during the summer. Its foliage and seeds ripen from green to golden-brown in the fall, the seeds persisting into winter. Naturally occurring in stream beds and edges, it tolerates drought and periodic inundation, but grows best in partial shade and moist sands, loams, and clays.",https://www.audubon.org/native-plants/species/indian-wood-oats?zipcode=78666,National Audubon Society Native Plants,,PLT0013
Large Spike Bristlegrass,Setaria macrostachya,Grasses,Seeds,seeds,"Cardinals, Grosbeaks and Buntings; Chickadees and Titmice; Crows, Magpies, Jays; Finches; Nuthatches; New World Sparrows; Woodpeckers",7,1,"Also known as Large-spike Bristlegrass, this perennial bunchgrass grows to 3 by 2 feet in size. It grows in full sun and dry soils, including sandy soils, and is drought tolerant. When its flower clusters bloom they can appear green, red, yellow, or brown. The seeds of this plant are an important food source for game birds.",https://www.audubon.org/native-plants/species/large-spike-bristlegrass?zipcode=78666,National Audubon Society Native Plants,,CAND4234
Lemon Beebalm,Monarda citriodora,Annuals/Per.,Butterflies; Caterpillars; Nectar,butterflies; caterpillars; nectar,"Cardinals, Grosbeaks and Buntings; Chickadees and Titmice; Crows, Magpies, Jays; Hummingbirds; Mockingbirds and Thrashers; Nuthatches; Blackbirds and Orioles; New World Sparrows; Thrushes; Vireos; Waxwings; Wood Warblers; Woodpeckers; Wrens",14,3,"Lemon Beebalm, also known as Purple Horsemint and Lemon Mint, is an aromatic annual with tuft-like, lavender to pink, whorled flower heads that bloom from May to July. Rubbing or crushing the leaves will release a distinctly citrus or lemony scent, which gives the plant its name. This plant grows 1 to 2 feet tall in full to partial sun, and in dry, sandy to rocky soils, sometimes spreading aggressively in the best growing conditions.",https://www.audubon.org/native-plants/species/lemon-beebalm?zipcode=78666,National Audubon Society Native Plants,,PLT0109
Little False Bluestem,Schizachyrium scoparium,Grasses,Butterflies; Caterpillars; Seeds,butterflies; caterpillars; seeds,"Cardinals, Grosbeaks and Buntings; Chickadees and Titmice; Crows, Magpies, Jays; Finches; Mockingbirds and Thrashers; Nuthatches; Blackbirds and Orioles; New World Sparrows; Thrushes; Vireos; Waxwings; Wood Warblers; Woodpeckers; Wrens",14,3,"Also known simply as Little Bluestem, this is an ornamental, perennial bunchgrass that grows up to 2 feet tall. It forms dense mounds of slender, blue-green stems that become deep brownish red by September, and produces white seed tufts that last about 1 to 2 weeks in the fall. This bunchgrass grows in full sun to partial shade and in a variety of dry, well-drained soils.",https://www.audubon.org/native-plants/species/little-false-bluestem?zipcode=78666,National Audubon Society Native Plants,,PLT0026
Little-Leaf Sumac,Rhus microphylla,"Shrubs, Trees",Butterflies; Caterpillars; Fruit,butterflies; caterpillars; fruit,"Cardinals, Grosbeaks and Buntings; Chickadees and Titmice; Crows, Magpies, Jays; Mockingbirds and Thrashers; Nuthatches; Blackbirds and Orioles; New World Sparrows; Thrushes; Vireos; Waxwings; Wood Warblers; Woodpeckers; Wrens",13,3,"Also called Desert Sumac, Correosa, and Agritos, this perennial, thorn-less shrub typically grows to 8 by 8 feet. It produces shiny, leathery leaves and small, white flowers that lead to reddish fruits. Little-Leaf Sumac can be used as a hedge plant, growing in partial shade and sandy or rocky soils, and requiring little water.",https://www.audubon.org/native-plants/species/little-leaf-sumac?zipcode=78666,National Audubon Society Native Plants,,PLT0204
Live Oak,Quercus virginiana,"Evergreen, Trees",Butterflies; Caterpillars; Fruit; Nuts,butterflies; caterpillars; fruit; nuts,"Cardinals, Grosbeaks and Buntings; Chickadees and Titmice; Crows, Magpies, Jays; Finches; Mockingbirds and Thrashers; Nuthatches; Blackbirds and Orioles; New World Sparrows; Thrushes; Vireos; Waxwings; Wood Warblers; Woodpeckers; Wrens",14,4,"Emblematic of the southeastern U.S, the Live Oak, also known as Encino, and Southern or Coastal Live Oak has a massive but short central trunk and long, arching branches. It averages a height of 50 feet and width of 80 feet, though large, older specimens may reach a crown diameter of 150 feet. Live Oak holds its leaves through the winter, losing them only when new growth appears in spring. It grows in full sun to partial shade and dry to moist soils, and is resistant to browsing by deer.",https://www.audubon.org/native-plants/species/live-oak?zipcode=78666,National Audubon Society Native Plants,,PLT0280
Lotebush,Ziziphus obtusifolia,"Shrubs, Trees",Fruit; Nuts,fruit; nuts,"Cardinals, Grosbeaks and Buntings; Chickadees and Titmice; Crows, Magpies, Jays; Finches; Nuthatches; New World Sparrows; Woodpeckers",7,2,"Also known as Graythorn, this thorny, perennial shrub grows to 6 by 8 feet in size. It is a good cover plant that produces dense branches, small yellow flowers, and edible purplish berries. Attracting birds, mammals, and pollinating insects, this tree grows best in partial shade and dry soils.",https://www.audubon.org/native-plants/species/lotebush?zipcode=78666,National Audubon Society Native Plants,,CAND5003
Maximilian Sunflower,Helianthus maximiliani,Annuals/Per.,Butterflies; Caterpillars; Fruit; Nuts,butterflies; caterpillars; fruit; nuts,"Cardinals, Grosbeaks and Buntings; Chickadees and Titmice; Crows, Magpies, Jays; Finches; Mockingbirds and Thrashers; Nuthatches; Blackbirds and Orioles; New World Sparrows; Thrushes; Vireos; Waxwings; Wood Warblers; Woodpeckers; Wrens",14,4,"Maximilian, or Max, Sunflower, is a perennial plant with stems that can grow up to 10 feet tall with many long and narrow leaves. This plant is eaten by livestock and deer, while its showy, yellow flower heads attract bees and butterflies for their nectar, and birds for their seeds. Maximilian Sunflower is native to prairies, growing best in full sun and dry to moist, clay-like soil.",https://www.audubon.org/native-plants/species/maximilian-sunflower?zipcode=78666,National Audubon Society Native Plants,,PLT0095
Net-Leaf Hackberry,Celtis reticulata,Trees,Butterflies; Caterpillars; Fruit,butterflies; caterpillars; fruit,"Cardinals, Grosbeaks and Buntings; Chickadees and Titmice; Crows, Magpies, Jays; Mockingbirds and Thrashers; Nuthatches; Blackbirds and Orioles; New World Sparrows; Thrushes; Vireos; Waxwings; Wood Warblers; Woodpeckers; Wrens",13,3,"Net-leaf Hackberry is a medium to large tree, growing to 15 by 25 feet with an unusual and scraggly but attractive form for a desert tree. It produces firm, purplish berries and provides a good nesting substrate, with whitish, knobby wood and leathery foliage that is eaten by many insects and caterpillars. This tree is deer resistant, growing in full sun and moist soils.",https://www.audubon.org/native-plants/species/net-leaf-hackberry?zipcode=78666,National Audubon Society Native Plants,,CAND0934
Northern Spicebush,Lindera benzoin,Shrubs,Butterflies; Caterpillars; Fruit,butterflies; caterpillars; fruit,"Cardinals, Grosbeaks and Buntings; Chickadees and Titmice; Crows, Magpies, Jays; Mockingbirds and Thrashers; Nuthatches; Blackbirds and Orioles; New World Sparrows; Thrushes; Vireos; Waxwings; Wood Warblers; Woodpeckers; Wrens",13,3,"Also known as Wild Allspice, this deciduous, perennial shrub displays glossy leaves and light, slender green branches that grow 6 to 12 feet tall. Out of its aromatic foliage bloom dense clusters of tiny, pale yellow flowers, followed by glossy red fruit. The leaves turn a colorful golden-yellow in the fall. This plant grows in full sun to shade, in dry to wet, well-drained soils. It serves as a larval host for a number of butterfly species.",https://www.audubon.org/native-plants/species/northern-spicebush?zipcode=78666,National Audubon Society Native Plants,,PLT0195
Old Man's Beard,Clematis drummondii,Annuals/Per.,,,Mockingbirds and Thrashers; Blackbirds and Orioles; New World Sparrows; Vireos; Waxwings; Wood Warblers,6,0,,https://www.audubon.org/native-plants/species/old-mans-beard?zipcode=78666,National Audubon Society Native Plants,missing_attributes,PLT0294
Oswego-Tea,Monarda fistulosa,Annuals/Per.,Butterflies; Caterpillars; Nectar,butterflies; caterpillars; nectar,"Cardinals, Grosbeaks and Buntings; Chickadees and Titmice; Crows, Magpies, Jays; Hummingbirds; Mockingbirds and Thrashers; Nuthatches; Blackbirds and Orioles; New World Sparrows; Thrushes; Vireos; Waxwings; Wood Warblers; Woodpeckers; Wrens",14,3,"Also known as Wild Bergamot and Beebalm, this is a showy, herbaceous perennial that grows up to 4 feet tall. Highly branched, it produces clusters of lavender, pink, or white flowers resembling ragged pompoms on top of 2 to 5 foot open-branched stems. This fragrant plant is highly attractive to hummingbirds, butterflies, and bees, and can grow in full sun to partial shade, in a variety of dry to moist soils.",https://www.audubon.org/native-plants/species/oswego-tea?zipcode=78666,National Audubon Society Native Plants,,PLT0110
Pecan,Carya illinoinensis,Trees,Butterflies; Caterpillars; Fruit; Nuts,butterflies; caterpillars; fruit; nuts,"Cardinals, Grosbeaks and Buntings; Chickadees and Titmice; Crows, Magpies, Jays; Finches; Mockingbirds and Thrashers; Nuthatches; Blackbirds and Orioles; New World Sparrows; Thrushes; Vireos; Waxwings; Wood Warblers; Woodpeckers; Wrens",14,4,"Largest of the hickories, this tree grows 70 to 100 feet tall. It has a huge trunk, stout branches and a symmetrical, oval crown. Its bark is slate gray and will remain smooth for years into maturity. The tree attracts butterflies and the sweet pecan nuts are a favorite for fruit-eating mammals and birds. Pecan grows in full sun and rich, moist, well-drained soils.",https://www.audubon.org/native-plants/species/pecan?zipcode=78666,National Audubon Society Native Plants,,PLT0247
Plateau Oak,Quercus fusiformis,"Shrubs, Trees",Butterflies; Caterpillars; Fruit; Nuts,butterflies; caterpillars; fruit; nuts,"Cardinals, Grosbeaks and Buntings; Chickadees and Titmice; Crows, Magpies, Jays; Finches; Mockingbirds and Thrashers; Nuthatches; Blackbirds and Orioles; New World Sparrows; Thrushes; Vireos; Waxwings; Wood Warblers; Woodpeckers; Wrens",14,4,"This thicket-forming, semi-evergreen shrub or large, spreading tree goes by many nicknames, including Texas Live Oak, Encino Molino, Escarpment Live Oak, and Tesmoli. It has a short, tapering trunk and gnarled branches and limbs that over time spread a great distance horizontally from the main trunk. It produces one inch long, spindle-shaped acorns that feed birds and mammals. Plateau Oak grows in full sun to partial shade, and in a variety of dry soils, including rocky, sandy, clay, or loam soils.",https://www.audubon.org/native-plants/species/plateau-oak?zipcode=78666,National Audubon Society Native Plants,,PLT0275
Purple Three Awn,Aristida purpurea,Grasses,Seeds,seeds,"Cardinals, Grosbeaks and Buntings; Chickadees and Titmice; Crows, Magpies, Jays; Finches; Nuthatches; New World Sparrows; Woodpeckers",7,1,"This annual, deciduous grass often grows in large bunches and has attractive, purplish seed sprays. The culms of this grass grow 12 to 20 inches tall in full sun, and in dry, rocky soils. The seeds can be food for song birds, and the plant itself can provide nesting materials for some mammals.",https://www.audubon.org/native-plants/species/purple-three-awn?zipcode=78666,National Audubon Society Native Plants,,PLT0007
Red Buckeye,Aesculus pavia,"Shrubs, Trees",Butterflies; Caterpillars; Nectar,butterflies; caterpillars; nectar,"Cardinals, Grosbeaks and Buntings; Chickadees and Titmice; Crows, Magpies, Jays; Hummingbirds; Mockingbirds and Thrashers; Nuthatches; Blackbirds and Orioles; New World Sparrows; Thrushes; Vireos; Waxwings; Wood Warblers; Woodpeckers; Wrens",14,3,"Red Buckeye, otherwise known as Scarlet Buckeye or Firecracker Plant, is a large, perennial shrub that produces orange-red flowers about the time hummingbirds return in the spring. Red Buckeye grows in partial shade and in deep, moist, well-drained soils. Along with attracting hummingbirds and bees with its flowers, this shrub also produces nuts that are eaten by squirrels. However, the seeds and young shoots of this plant are poisonous to humans if ingested.",https://www.audubon.org/native-plants/species/red-buckeye?zipcode=78666,National Audubon Society Native Plants,,PLT0245
Red Columbine,Aquilegia canadensis,Annuals/Per.,Nectar,nectar,Hummingbirds; Mockingbirds and Thrashers; Blackbirds and Orioles; New World Sparrows; Vireos; Waxwings; Wood Warblers,7,1,"Also known as Eastern Red Columbine and Wild Columbine, this herbaceous perennial grows erectly with uniquely bell-shaped, red flowers. The backward-pointing tubes of the flowers contain nectar, greatly attracting hummingbirds, butterflies, and other long-tongued insects. This plant grows best in full sun, and moist, well-drained, sandy soils, reaching a height of up to 2 feet.",https://www.audubon.org/native-plants/species/red-columbine?zipcode=78666,National Audubon Society Native Plants,,PLT0037
Red Mulberry,Morus rubra,Trees,Butterflies; Caterpillars; Fruit,butterflies; caterpillars; fruit,"Cardinals, Grosbeaks and Buntings; Chickadees and Titmice; Crows, Magpies, Jays; Mockingbirds and Thrashers; Nuthatches; Blackbirds and Orioles; New World Sparrows; Thrushes; Vireos; Waxwings; Wood Warblers; Woodpeckers; Wrens",13,3,"Otherwise known as Moral, this medium-sized, perennial tree grows up to 60 feet tall, with a short trunk and a broad, rounded crown. It produces catkins that are highly attractive to birds, and turn from light green to red and then to black, blooming from March to June. It is adaptable to different conditions, growing in full sun to shade, and in dry to moist sandy, loam, and clay soils.",https://www.audubon.org/native-plants/species/red-mulberry?zipcode=78666,National Audubon Society Native Plants,,PLT0265
Red-Cardinal,Erythrina herbacea,"Shrubs, Trees",Nectar,nectar,Hummingbirds; Mockingbirds and Thrashers; Nuthatches; Blackbirds and Orioles; New World Sparrows; Vireos; Waxwings; Wood Warblers; Woodpeckers,9,1,"Also known as Coralbean and Cherokee Bean, this perennial shrub or small tree typically grows 6 to 12 feet tall, bearing showy red flowers that are highly attractive to hummingbirds in late spring and early summer. The flowers are followed by seed pods that split in late summer and fall to reveal bright red, persistent seeds, which are toxic to humans if eaten. Red-Cardinal grows in full sun to partial shade and in dry, sandy, loamy, and clayey soils.",https://www.audubon.org/native-plants/species/red-cardinal?zipcode=78666,National Audubon Society Native Plants,,PLT0188
Red-Spike Mexican-Hat,Ratibida columnifera,Annuals/Per.,Seeds,seeds,"Cardinals, Grosbeaks and Buntings; Chickadees and Titmice; Crows, Magpies, Jays; Finches; Mockingbirds and Thrashers; Nuthatches; Blackbirds and Orioles; New World Sparrows; Vireos; Waxwings; Wood Warblers; Woodpeckers",12,1,"Also known as Prairie Coneflower and Thimbleflower, this is a leafy and branched, perennial plant that can reach 3 feet in height. It has long, leafless stalks that bear flower heads of 3 to 7 yellow to dark red, drooping rays. Drought tolerant, this plant does best in full sun and dry to moist, well-drained soils.",https://www.audubon.org/native-plants/species/red-spike-mexican-hat?zipcode=78666,National Audubon Society Native Plants,,PLT0132
Redbud,Cercis canadensis,Trees,Butterflies; Caterpillars; Fruit; Nectar; Nuts,butterflies; caterpillars; fruit; nectar; nuts,"Cardinals, Grosbeaks and Buntings; Chickadees and Titmice; Crows, Magpies, Jays; Finches; Hummingbirds; Mockingbirds and Thrashers; Nuthatches; Blackbirds and Orioles; New World Sparrows; Thrushes; Vireos; Waxwings; Wood Warblers; Woodpeckers; Wrens",15,5,"Redbud, or Eastern Redbud, is an understory shrub or small tree that grows up to 30 feet tall. It often has a short, crooked gray-barked trunk and a wide-spreading, irregular crown of heart-shaped and smooth leaves. The flowers are bright pink while buds become light pink as they bloom in their clusters, transforming during the summer into flattened, brown seedpods. The seedpods can stay on the tree through fall and sometimes into winter. This tree does best in partial shade, and in moist, well-drained, fertile soils.",https://www.audubon.org/native-plants/species/redbud?zipcode=78666,National Audubon Society Native Plants,,CAND0962
Rough-Leaf Dogwood,Cornus drummondii,"Shrubs, Trees",Butterflies; Caterpillars; Fruit,butterflies; caterpillars; fruit,"Cardinals, Grosbeaks and Buntings; Chickadees and Titmice; Crows, Magpies, Jays; Mockingbirds and Thrashers; Nuthatches; Blackbirds and Orioles; New World Sparrows; Thrushes; Vireos; Waxwings; Wood Warblers; Woodpeckers; Wrens",13,3,"Rough-Leaf Dogwood, or Drummond’s Dogwood, is a small, perennial tree or shrub that can grow to be 16 feet tall. Its branches can be reddish brown or gray, and the upper surfaces of its leaves are covered with the rough hairs for which it is named. The off-white flowers are replaced by white berries in the fall, during which its foliage turns shades of red. This plant is adaptable but grows best in moist soils and partial to full shade.",https://www.audubon.org/native-plants/species/rough-leaf-dogwood?zipcode=78666,National Audubon Society Native Plants,,PLT0211
Rusty Blackhaw,Viburnum rufidulum,"Shrubs, Trees",Butterflies; Caterpillars; Fruit,butterflies; caterpillars; fruit,"Cardinals, Grosbeaks and Buntings; Chickadees and Titmice; Crows, Magpies, Jays; Mockingbirds and Thrashers; Nuthatches; Blackbirds and Orioles; New World Sparrows; Thrushes; Vireos; Waxwings; Wood Warblers; Woodpeckers; Wrens",13,3,"Rusty Blackhaw, also known as Downy Viburnum and Nannyberry, is a shrub or tree with dark bark that separates into rectangular plates. Its glossy, dark green leaves turn various warm hues during the fall while its white flowers appear in March and April before ripening to dark blue fruits. This slow-growing perennial grows best in partial shade and dry soils.",https://www.audubon.org/native-plants/species/rusty-blackhaw?zipcode=78666,National Audubon Society Native Plants,,PLT0222
Shiny Hackberry,Celtis ehrenbergiana,"Shrubs, Trees",Butterflies; Caterpillars; Fruit,butterflies; caterpillars; fruit,"Cardinals, Grosbeaks and Buntings; Chickadees and Titmice; Crows, Magpies, Jays; Mockingbirds and Thrashers; Nuthatches; Blackbirds and Orioles; New World Sparrows; Thrushes; Vireos; Waxwings; Wood Warblers; Woodpeckers; Wrens",13,3,"Also known as Desert or Spiny Hackberry, Granjeno, and Huasteco, this perennial, deciduous shrub can reach up to 10 feet in height. It has smooth, gray bark, spiny branches, and small, somewhat rough leaves. This shrub grows clusters of small, white flowers, followed by shiny red, orange, and yellow fruit that ripens in the fall, the nectar and fruit attracting butterflies, birds, and mammals. It grows in full sun and partial shade, and in dry, rocky, sandy, and clay soils.",https://www.audubon.org/native-plants/species/shiny-hackberry?zipcode=78666,National Audubon Society Native Plants,,PLT0183
Showy Goldenrod,Solidago speciosa,Annuals/Per.,Butterflies; Caterpillars; Fruit; Nuts,butterflies; caterpillars; fruit; nuts,"Cardinals, Grosbeaks and Buntings; Chickadees and Titmice; Crows, Magpies, Jays; Finches; Mockingbirds and Thrashers; Nuthatches; Blackbirds and Orioles; New World Sparrows; Thrushes; Vireos; Waxwings; Wood Warblers; Woodpeckers; Wrens",14,4,"Also known as Noble Goldenrod, this perennial herb with deep reddish stems grows 1 to 5 feet tall. Its bright yellow flowers bloom in late summer and early fall, and are arranged in erect, pointed clusters, attracting bees, butterflies, and birds. This herb is resistant to drought and deer, and thrives in partial shade and in moist, rocky or clay soils.",https://www.audubon.org/native-plants/species/showy-goldenrod?zipcode=78666,National Audubon Society Native Plants,,CAND4360
Shumard's Oak,Quercus shumardii,Trees,Butterflies; Caterpillars; Fruit; Nuts,butterflies; caterpillars; fruit; nuts,"Cardinals, Grosbeaks and Buntings; Chickadees and Titmice; Crows, Magpies, Jays; Finches; Mockingbirds and Thrashers; Nuthatches; Blackbirds and Orioles; New World Sparrows; Thrushes; Vireos; Waxwings; Wood Warblers; Woodpeckers; Wrens",14,4,"Shumard’s Oak, also called Southern Red Oak and Spotted Oak, is a medium-sized oak that typically reaches 50 to 90 feet in height, with a pyramidal shape that becomes more open-canopied at maturity. It has shiny, dark green leaves that turn scarlet in the fall, and its acorns are almost as wide as they are long, with a low toxicity if eaten raw. Shumard’s Oak is an attractive, fast-growing shade tree that tolerates drought and short-term flooding, growing in full sun to partial shade and in dry to moist soils.",https://www.audubon.org/native-plants/species/shumards-oak?zipcode=78666,National Audubon Society Native Plants,,CAND3765
Side-Oats Grama,Bouteloua curtipendula,Grasses,Fruit; Nuts; Seeds,fruit; nuts; seeds,"Cardinals, Grosbeaks and Buntings; Chickadees and Titmice; Crows, Magpies, Jays; Finches; Nuthatches; New World Sparrows; Woodpeckers",7,3,"A perennial, warm-season bunch or sod-forming grass, Side-Oats Grama has 2 to 3 foot stems that grow in erect, wiry clumps. Also called Banderilla, Banderita, and Navajita, this plant produces purplish, oat-like spikelets that lighten to a tan color in the fall. Growing in full to partial sun and in dry to moist, well-drained soils, Side-Oats Grama provides food, nesting material, and cover for birds and mammals.",https://www.audubon.org/native-plants/species/side-oats-grama?zipcode=78666,National Audubon Society Native Plants,,PLT0009
Southern Bald-Cypress,Taxodium distichum,Trees,Butterflies; Caterpillars; Seeds,butterflies; caterpillars; seeds,"Cardinals, Grosbeaks and Buntings; Chickadees and Titmice; Crows, Magpies, Jays; Finches; Mockingbirds and Thrashers; Nuthatches; Blackbirds and Orioles; New World Sparrows; Thrushes; Vireos; Waxwings; Wood Warblers; Woodpeckers; Wrens",14,3,"Sometimes called Red, Yellow, Swamp, or Gulf Cypress, this is a large, slow-growing, long-lived tree that typically grows 50 to 75 feet tall in full sun and moist to wet soils. It produces round, purplish-green cones that become brown when mature, and its soft, feathery, yellowish-green foliage turns a beautiful orange or cinnamon-brown in the fall. Though native to swamp habitats, where it is recognizable by its multiple wooden ""knees,"" the Bald-Cypress also grows surprisingly well in drier conditions.",https://www.audubon.org/native-plants/species/southern-bald-cypress?zipcode=78666,National Audubon Society Native Plants,,PLT0287
Spotted Beebalm,Monarda punctata,Annuals/Per.,Butterflies; Caterpillars,butterflies; caterpillars,"Cardinals, Grosbeaks and Buntings; Chickadees and Titmice; Crows, Magpies, Jays; Mockingbirds and Thrashers; Nuthatches; Blackbirds and Orioles; New World Sparrows; Thrushes; Vireos; Waxwings; Wood Warblers; Woodpeckers; Wrens",13,2,"Also called Spotted Horsemint or simply Horsemint, this aromatic perennial grows up to 3 feet tall and attracts pollinators such as bees and butterflies. A central stem produces two or more dense whorls of yellowish, purple-spotted flowers with purplish bracts in the upper portion of each plant. It is drought tolerant, growing in full sun, and in dry, sandy soils.",https://www.audubon.org/native-plants/species/spotted-beebalm?zipcode=78666,National Audubon Society Native Plants,,PLT0111
Standing-Cypress,Ipomopsis rubra,Annuals/Per.,Nectar,nectar,Hummingbirds; Mockingbirds and Thrashers; Blackbirds and Orioles; New World Sparrows; Vireos; Waxwings; Wood Warblers,7,1,"Also known as Red Texas Star and Scarlet Gilia, this herbaceous biennial or short-lived perennial readily self-seeds, standing 2 to 5 feet tall and tolerating dry conditions. It is appropriately nicknamed for its erect spikes of red flowers that bloom during the summer and are highly attractive to hummingbirds. Standing-Cypress grows best in full sun to partial shade and in dry, sandy or rocky soils.",https://www.audubon.org/native-plants/species/standing-cypress?zipcode=78666,National Audubon Society Native Plants,,PLT0099
Starry Rosinweed,Silphium asteriscus,Annuals/Per.,,,Mockingbirds and Thrashers; Blackbirds and Orioles; New World Sparrows; Vireos; Waxwings; Wood Warblers,6,0,,https://www.audubon.org/native-plants/species/starry-rosinweed?zipcode=78666,National Audubon Society Native Plants,missing_attributes,AUD0002
Sugar-Berry,Celtis laevigata,Trees,Butterflies; Caterpillars; Fruit,butterflies; caterpillars; fruit,"Cardinals, Grosbeaks and Buntings; Chickadees and Titmice; Crows, Magpies, Jays; Mockingbirds and Thrashers; Nuthatches; Blackbirds and Orioles; New World Sparrows; Thrushes; Vireos; Waxwings; Wood Warblers; Woodpeckers; Wrens",13,3,"Also going by the names Texas Sugarberry, Lowland Hackberry, and Palo Blanco, this is a deciduous tree that typically grows 60 to 80 feet tall with a rounded, spreading crown and curving branches. Insignificant flowers give way to often abundant, round, fleshy berries that are favored by many species of birds. Sugar-Berry grows in partial shade and in a variety of moist soils.",https://www.audubon.org/native-plants/species/sugar-berry?zipcode=78666,National Audubon Society Native Plants,,CAND0928
Tree Sparkle-Berry,Vaccinium arboreum,"Shrubs, Trees",Butterflies; Caterpillars; Fruit,butterflies; caterpillars; fruit,"Cardinals, Grosbeaks and Buntings; Chickadees and Titmice; Crows, Magpies, Jays; Mockingbirds and Thrashers; Nuthatches; Blackbirds and Orioles; New World Sparrows; Thrushes; Vireos; Waxwings; Wood Warblers; Woodpeckers; Wrens",13,3,"This large, perennial shrub or small tree is also known as Farkleberry and Huckleberry. As the largest blueberry species in North America, it normally grows 8 to 10 feet tall and wide, though large specimens can reach dimensions of up to 30 feet. Its twisting branches bear fragrant, white, bell-shaped flowers followed by shiny black berries that are bitter and tough to humans but enjoyed by many fruit-eating birds and mammals. This understory tree grows best in partial shade and dry, sandy or rocky soils.",https://www.audubon.org/native-plants/species/tree-sparkle-berry?zipcode=78666,National Audubon Society Native Plants,,CAND4797
Trumpet Honeysuckle,Lonicera sempervirens,Vines,Butterflies; Caterpillars; Fruit; Nectar,butterflies; caterpillars; fruit; nectar,"Cardinals, Grosbeaks and Buntings; Chickadees and Titmice; Crows, Magpies, Jays; Hummingbirds; Mockingbirds and Thrashers; Nuthatches; Blackbirds and Orioles; New World Sparrows; Thrushes; Vireos; Waxwings; Wood Warblers; Woodpeckers; Wrens",14,4,"Also known as Coral Honeysuckle and Woodbine, this twining vine needs a trellis or fence upon which to grow. It blooms early in the year with one major flush in spring and then several other, but smaller, flushes throughout summer and fall. Hummingbirds, bees, and butterflies are highly attracted to the red, trumpet-shaped flowers growing along the vine. This plant blooms best in full sun, though it can grow in partial shade, and prefers moist, rich soils.",https://www.audubon.org/native-plants/species/trumpet-honeysuckle?zipcode=78666,National Audubon Society Native Plants,,PLT0301
Wand Panic Grass,Panicum virgatum,Grasses,Seeds,seeds,"Cardinals, Grosbeaks and Buntings; Chickadees and Titmice; Crows, Magpies, Jays; Finches; Nuthatches; New World Sparrows; Woodpeckers",7,1,"Also known as Wand Panic Grass, this clump-forming, perennial grass grows 3 to 6 feet tall, with open, delicate sprays producing small seeds. Bright green leaves sprout along the stem, and turn bright yellow in fall. This plant grows in full sun to partial shade, and in a variety of dry to moist soils including sandy, sandy loam, clay, and limestone-based soils. It is attractive to butterflies, highly resistant to deer, and provides cover, nesting material, and food (seeds) to ground-feeding/game birds.",https://www.audubon.org/native-plants/species/wand-panic-grass?zipcode=78666,National Audubon Society Native Plants,,PLT0024
West Indian Shrub-Verbena,Lantana urticoides,Shrubs,,,Mockingbirds and Thrashers; Blackbirds and Orioles; New World Sparrows; Vireos; Waxwings; Wood Warblers,6,0,,https://www.audubon.org/native-plants/species/west-indian-shrub-verbena?zipcode=78666,National Audubon Society Native Plants,missing_attributes,PLT0193
White Prairie-Clover,Dalea candida,"Annuals/Per., Shrubs",,,Mockingbirds and Thrashers; Blackbirds and Orioles; New World Sparrows; Vireos; Waxwings; Wood Warblers,6,0,,https://www.audubon.org/native-plants/species/white-prairie-clover?zipcode=78666,National Audubon Society Native Plants,missing_attributes,CAND1387
White Sagebrush,Artemisia ludoviciana,"Annuals/Per., Evergreen, Shrubs",Fruit; Nuts,fruit; nuts,"Cardinals, Grosbeaks and Buntings; Chickadees and Titmice; Crows, Magpies, Jays; Finches; New World Sparrows; Woodpeckers",6,2,"This plant has several common names, including Louisiana Sage, Silver Sage, Mugwort Wormwood, and Gray Sagewort. This perennial shrub grows to 3 feet in size, with attractive silvery foliage and small, yellowish flowers that bloom from July to October. White Sagebrush grows in full sun and has a medium to low water requirement, adapting to a variety of soils.",https://www.audubon.org/native-plants/species/white-sagebrush?zipcode=78666,National Audubon Society Native Plants,,CAND0412
Whitebrush,Aloysia gratissima,Shrubs,,,Mockingbirds and Thrashers; Blackbirds and Orioles; New World Sparrows; Vireos; Waxwings; Wood Warblers,6,0,,https://www.audubon.org/native-plants/species/whitebrush?zipcode=78666,National Audubon Society Native Plants,missing_attributes,PLT0176
Whorled Milkweed,Asclepias verticillata,Annuals/Per.,Butterflies; Caterpillars,butterflies; caterpillars,"Cardinals, Grosbeaks and Buntings; Chickadees and Titmice; Crows, Magpies, Jays; Mockingbirds and Thrashers; Nuthatches; Blackbirds and Orioles; New World Sparrows; Thrushes; Vireos; Waxwings; Wood Warblers; Woodpeckers; Wrens",13,2,"This small perennial blooms later in the year than most milkweeds and often into September. It grows 1 to 3 feet tall in full sun to partial shade, and in dry, sandy, clayey, or rocky soils. This plant produces small clusters of greenish-white flowers that attract many pollinators, including bees and Monarch butterflies, though it is toxic to livestock.",https://www.audubon.org/native-plants/species/whorled-milkweed?zipcode=78666,National Audubon Society Native Plants,,AUD0003
Yaupon,Ilex vomitoria,"Evergreen, Shrubs, Trees",Butterflies; Caterpillars; Fruit,butterflies; caterpillars; fruit,"Cardinals, Grosbeaks and Buntings; Chickadees and Titmice; Crows, Magpies, Jays; Mockingbirds and Thrashers; Nuthatches; Blackbirds and Orioles; New World Sparrows; Thrushes; Vireos; Waxwings; Wood Warblers; Woodpeckers; Wrens",13,3,"Yaupon, or Yaupon Holly, is a perennial, evergreen shrub or small tree, typically growing 12 to 25 feet in height, though occasionally reaching 45 feet, with pale gray bark blotted with white patches. Its dense growth of small, dark green leaves provides excellent shelter for small birds. Female plants produce large quantities of bright red berries that usually attract birds during late winter. An adaptable plant, Yaupon grows best in full sun to partial shade and dry to moist, well-drained soils, but tolerates poor drainage and drought.",https://www.audubon.org/native-plants/species/yaupon?zipcode=78666,National Audubon Society Native Plants,,PLT0214
Yellow Indian Grass,Sorghastrum nutans,Grasses,Seeds,seeds,"Cardinals, Grosbeaks and Buntings; Chickadees and Titmice; Crows, Magpies, Jays; Finches; Nuthatches; New World Sparrows; Woodpeckers",7,1,"This is a tall, perennial, sod-forming grass with broad blue-green blades and a large, golden-brown, plume-like seed head. In the fall, the seed head turns deep orange to purple. It is drought tolerant, growing in full sun to shade, and in dry to moist soil, including sandy, loam, and clay soils. Because of its height (3 to 8 feet) and its tendency to remain erect, it provides a nesting habitat and protective cover for many kinds of birds.",https://www.audubon.org/native-plants/species/yellow-indian-grass?zipcode=78666,National Audubon Society Native Plants,,PLT0028
Yellow Trumpetbush,Tecoma stans,"Shrubs, Trees",,,Mockingbirds and Thrashers; Nuthatches; Blackbirds and Orioles; New World Sparrows; Vireos; Waxwings; Wood Warblers; Woodpeckers,8,0,,https://www.audubon.org/native-plants/species/yellow-trumpetbush?zipcode=78666,National Audubon Society Native Plants,missing_attributes,PLT0208
