metric,value,note
dashboard_insect_rows_total,46741,All insect rows in dashboard_insect_interactions_all.csv
hays_county_insect_rows_only_source,2045,Rows where Hays County Insect simplified.csv is the only listed source
hays_only_with_clickable_url,1954,Usually iNaturalist or specimen/network URL
hays_only_without_clickable_url,91,Rows to manually recover if clickable URLs are required
hays_only_with_uuid_no_clickable_url,83,Rows with UUID/catalog ID but no URL
hays_only_no_url_no_doi_no_uuid,8,Weakest citation bucket
plants_affected_by_hays_only_rows,521,
unique_plant_insect_pairs_hays_only,1719,
globi_blanket_citation,"Poelen, J.H., Simons, J.D., & Mungall, C.J. 2014. Global Biotic Interactions: An open infrastructure to share and analyze species-interaction datasets. Ecological Informatics 24:148-159. https://doi.org/10.1016/j.ecoinf.2014.08.005",Use only as blanket/provenance citation; row-level citations remain in hays_insect_citations_2045.csv
